Data_Venda;CNPJ;Data_Producao;Tipo_produto;SUM(qtd_produto);SUM(peso);Nome_Fantasia;local
14/03/2023;101;04/02/2023;32;9;9000;OUTROS;Barbacena (MG)
14/03/2023;101;25/02/2023;32;3;3000;OUTROS;Barbacena (MG)
14/03/2023;26594832000177;10/03/2023;32;3;3000;PIETRA SANTA PANI E PASTA LTDA  EPP;Belo Horizonte (MG)
15/03/2023;101;10/03/2023;32;5;5000;OUTROS;Barbacena (MG)
24/03/2023;101;20/03/2023;32;1;1000;OUTROS;Barbacena (MG)
28/03/2023;98435183653;25/02/2023;1;2;490;ADRIANA GIORGETI VEIGA;Sao Paulo (SP)
28/03/2023;98435183653;20/02/2023;4;2;495;ADRIANA GIORGETI VEIGA;Sao Paulo (SP)
28/03/2023;98435183653;02/11/2022;9;5;4940;ADRIANA GIORGETI VEIGA;Sao Paulo (SP)
28/03/2023;98435183653;03/11/2022;9;1;400;ADRIANA GIORGETI VEIGA;Sao Paulo (SP)
29/03/2023;26594832000177;13/03/2023;32;3;3000;PIETRA SANTA PANI E PASTA LTDA  EPP;Belo Horizonte (MG)
30/03/2023;1;13/03/2023;32;2;2000;VENDA LOJA;Barbacena (MG)
30/03/2023;22686599000100;18/02/2023;1;7;1705;PARAMO AGROINDUSTRIA E COMERCIO LTDA;Prados (MG)
30/03/2023;22686599000100;25/02/2023;1;8;2015;PARAMO AGROINDUSTRIA E COMERCIO LTDA;Prados (MG)
30/03/2023;22686599000100;08/02/2023;4;10;2440;PARAMO AGROINDUSTRIA E COMERCIO LTDA;Prados (MG)
30/03/2023;22686599000100;08/02/2023;5;0;2441;PARAMO AGROINDUSTRIA E COMERCIO LTDA;Prados (MG)
30/03/2023;27067736000133;23/01/2023;8;12;4905;OURO CANASTRA Q'JARIA;Tiradentes (MG)
30/03/2023;27067736000133;27/01/2023;8;12;4890;OURO CANASTRA Q'JARIA;Tiradentes (MG)
30/03/2023;27067736000133;30/01/2023;8;1;385;OURO CANASTRA Q'JARIA;Tiradentes (MG)
01/04/2023;18960914000160;25/02/2023;1;12;2970;ROSELANCHE;Barbacena (MG)
01/04/2023;18960914000160;08/02/2023;4;12;2895;ROSELANCHE;Barbacena (MG)
01/04/2023;18960914000160;16/11/2022;7;9;1775;ROSELANCHE;Barbacena (MG)
01/04/2023;18960914000160;11/11/2022;7;3;625;ROSELANCHE;Barbacena (MG)
01/04/2023;18960914000160;15/02/2023;22;12;1630;ROSELANCHE;Barbacena (MG)
05/04/2023;1;25/01/2023;9;1;825;VENDA LOJA;Barbacena (MG)
05/04/2023;46898681000158;03/04/2023;32;8;8000;PATRIA COZINHA DO BRASIL LTDA;Belo Horizonte (MG)
05/04/2023;5446468000128;20/03/2023;32;2;2000;REX BIBENDI LTDA;Belo Horizonte (MG)
05/04/2023;5446468000128;27/03/2023;32;4;4000;REX BIBENDI LTDA;Belo Horizonte (MG)
12/04/2023;10;30/01/2023;8;1;420;VENDA SITE;Rio de Janeiro (RJ)
12/04/2023;10;08/10/2022;11;1;330;VENDA SITE;Rio de Janeiro (RJ)
12/04/2023;26594832000177;10/04/2023;32;3;3000;PIETRA SANTA PANI E PASTA LTDA  EPP;Belo Horizonte (MG)
14/04/2023;1;09/03/2023;1;1;260;VENDA LOJA;Barbacena (MG)
14/04/2023;1;27/02/2023;5;1;445;VENDA LOJA;Barbacena (MG)
14/04/2023;1;11/11/2022;7;1;250;VENDA LOJA;Barbacena (MG)
14/04/2023;1;20/08/2022;11;1;250;VENDA LOJA;Barbacena (MG)
14/04/2023;1;10/04/2023;32;1;1000;VENDA LOJA;Barbacena (MG)
14/04/2023;101;20/02/2023;4;6;1540;OUTROS;Barbacena (MG)
14/04/2023;101;30/01/2023;8;7;2925;OUTROS;Barbacena (MG)
14/04/2023;102;25/01/2023;22;30;4210;RIO DE JANEIRO;Rio de Janeiro (RJ)
14/04/2023;102;01/02/2023;22;37;5190;RIO DE JANEIRO;Rio de Janeiro (RJ)
14/04/2023;102;13/03/2023;32;1;1000;RIO DE JANEIRO;Rio de Janeiro (RJ)
14/04/2023;102;20/03/2023;32;4;4000;RIO DE JANEIRO;Rio de Janeiro (RJ)
14/04/2023;102;27/03/2023;32;4;4000;RIO DE JANEIRO;Rio de Janeiro (RJ)
14/04/2023;22686599000100;25/02/2023;1;8;2015;PARAMO AGROINDUSTRIA E COMERCIO LTDA;Prados (MG)
14/04/2023;22686599000100;27/02/2023;1;2;575;PARAMO AGROINDUSTRIA E COMERCIO LTDA;Prados (MG)
14/04/2023;22686599000100;01/03/2023;1;1;495;PARAMO AGROINDUSTRIA E COMERCIO LTDA;Prados (MG)
14/04/2023;22686599000100;03/03/2023;1;1;315;PARAMO AGROINDUSTRIA E COMERCIO LTDA;Prados (MG)
14/04/2023;22686599000100;04/03/2023;1;2;450;PARAMO AGROINDUSTRIA E COMERCIO LTDA;Prados (MG)
14/04/2023;22686599000100;06/03/2023;1;1;240;PARAMO AGROINDUSTRIA E COMERCIO LTDA;Prados (MG)
14/04/2023;22686599000100;08/03/2023;1;1;265;PARAMO AGROINDUSTRIA E COMERCIO LTDA;Prados (MG)
14/04/2023;22686599000100;09/03/2023;1;4;1070;PARAMO AGROINDUSTRIA E COMERCIO LTDA;Prados (MG)
14/04/2023;22686599000100;20/02/2023;4;20;5005;PARAMO AGROINDUSTRIA E COMERCIO LTDA;Prados (MG)
14/04/2023;22686599000100;12/04/2023;16;16;4000;PARAMO AGROINDUSTRIA E COMERCIO LTDA;Prados (MG)
14/04/2023;22686599000100;28/03/2023;16;20;5000;PARAMO AGROINDUSTRIA E COMERCIO LTDA;Prados (MG)
14/04/2023;22686599000100;29/03/2023;16;4;1000;PARAMO AGROINDUSTRIA E COMERCIO LTDA;Prados (MG)
14/04/2023;22686599000100;11/04/2023;16;17;4250;PARAMO AGROINDUSTRIA E COMERCIO LTDA;Prados (MG)
17/04/2023;102;30/01/2023;4;20;523;RIO DE JANEIRO;Rio de Janeiro (RJ)
17/04/2023;102;04/02/2023;4;35;915;RIO DE JANEIRO;Rio de Janeiro (RJ)
17/04/2023;102;17/01/2023;21;28;613;RIO DE JANEIRO;Rio de Janeiro (RJ)
17/04/2023;102;31/01/2023;21;19;418;RIO DE JANEIRO;Rio de Janeiro (RJ)
17/04/2023;102;24/01/2023;21;39;47;RIO DE JANEIRO;Rio de Janeiro (RJ)
18/04/2023;102;18/01/2023;4;2;520;RIO DE JANEIRO;Rio de Janeiro (RJ)
18/04/2023;102;23/01/2023;4;14;3300;RIO DE JANEIRO;Rio de Janeiro (RJ)
18/04/2023;102;09/03/2023;14;5;92;RIO DE JANEIRO;Rio de Janeiro (RJ)
18/04/2023;102;07/03/2023;15;4;63;RIO DE JANEIRO;Rio de Janeiro (RJ)
18/04/2023;102;03/03/2023;16;13;325;RIO DE JANEIRO;Rio de Janeiro (RJ)
18/04/2023;102;14/03/2023;16;65;325;RIO DE JANEIRO;Rio de Janeiro (RJ)
18/04/2023;102;27/03/2023;16;17;850;RIO DE JANEIRO;Rio de Janeiro (RJ)
18/04/2023;102;28/03/2023;16;13;825;RIO DE JANEIRO;Rio de Janeiro (RJ)
19/04/2023;102;01/02/2023;1;28;733;RIO DE JANEIRO;Rio de Janeiro (RJ)
19/04/2023;102;14/03/2023;16;13;325;RIO DE JANEIRO;Rio de Janeiro (RJ)
19/04/2023;20547008000180;17/04/2023;32;7;7000;UAITHAI TIRADENTES;Tiradentes (MG)
19/04/2023;20547008000180;10/04/2023;32;3;3000;UAITHAI TIRADENTES;Tiradentes (MG)
19/04/2023;22686599000100;30/01/2023;8;3;1270;PARAMO AGROINDUSTRIA E COMERCIO LTDA;Prados (MG)
19/04/2023;22686599000100;14/02/2023;9;4;2845;PARAMO AGROINDUSTRIA E COMERCIO LTDA;Prados (MG)
19/04/2023;42502561000139;20/02/2023;4;10;2510;A QUEIJARIA;Sao Joao Del Rei (MG)
20/04/2023;26594832000177;18/04/2023;32;3;3000;PIETRA SANTA PANI E PASTA LTDA  EPP;Belo Horizonte (MG)
21/04/2023;102;20/04/2023;12;21;2000;RIO DE JANEIRO;Rio de Janeiro (RJ)
21/04/2023;102;20/04/2023;13;21;2000;RIO DE JANEIRO;Rio de Janeiro (RJ)
21/04/2023;102;22/12/2022;29;7;5092;RIO DE JANEIRO;Rio de Janeiro (RJ)
25/04/2023;31933226000179;24/11/2022;7;20;3900;ADORO QUEIJO LTDA;Rio de Janeiro (RJ)
25/04/2023;31933226000179;26/11/2022;7;40;8320;ADORO QUEIJO LTDA;Rio de Janeiro (RJ)
01/05/2023;101;26/04/2023;16;2;500;OUTROS;Barbacena (MG)
01/05/2023;101;28/04/2023;33;1;250;OUTROS;Barbacena (MG)
01/05/2023;101;28/04/2023;34;2;900;OUTROS;Barbacena (MG)
02/05/2023;22686599000100;13/03/2023;4;20;525;PARAMO AGROINDUSTRIA E COMERCIO LTDA;Prados (MG)
02/05/2023;22686599000100;03/04/2023;4;10;1440;PARAMO AGROINDUSTRIA E COMERCIO LTDA;Prados (MG)
02/05/2023;27067736000133;03/03/2023;1;1;25;OURO CANASTRA Q'JARIA;Tiradentes (MG)
02/05/2023;27067736000133;09/03/2023;1;3;74;OURO CANASTRA Q'JARIA;Tiradentes (MG)
02/05/2023;27067736000133;10/03/2023;1;1;27;OURO CANASTRA Q'JARIA;Tiradentes (MG)
02/05/2023;27067736000133;11/03/2023;1;3;79;OURO CANASTRA Q'JARIA;Tiradentes (MG)
02/05/2023;27067736000133;13/03/2023;1;1;28;OURO CANASTRA Q'JARIA;Tiradentes (MG)
02/05/2023;27067736000133;15/03/2023;1;25;629;OURO CANASTRA Q'JARIA;Tiradentes (MG)
02/05/2023;27067736000133;17/03/2023;1;24;612;OURO CANASTRA Q'JARIA;Tiradentes (MG)
02/05/2023;27067736000133;18/03/2023;1;2;54;OURO CANASTRA Q'JARIA;Tiradentes (MG)
02/05/2023;27067736000133;23/03/2023;1;1;29;OURO CANASTRA Q'JARIA;Tiradentes (MG)
02/05/2023;27067736000133;24/03/2023;1;2;44;OURO CANASTRA Q'JARIA;Tiradentes (MG)
02/05/2023;27067736000133;28/03/2023;1;2;44;OURO CANASTRA Q'JARIA;Tiradentes (MG)
02/05/2023;27067736000133;30/03/2023;1;2;52;OURO CANASTRA Q'JARIA;Tiradentes (MG)
02/05/2023;27067736000133;03/04/2023;1;2;62;OURO CANASTRA Q'JARIA;Tiradentes (MG)
02/05/2023;27067736000133;08/04/2023;1;6;145;OURO CANASTRA Q'JARIA;Tiradentes (MG)
02/05/2023;27067736000133;14/04/2023;1;15;3750;OURO CANASTRA Q'JARIA;Tiradentes (MG)
02/05/2023;27067736000133;07/02/2023;1;24;6120;OURO CANASTRA Q'JARIA;Tiradentes (MG)
02/05/2023;27067736000133;08/02/2023;1;21;1057;OURO CANASTRA Q'JARIA;Tiradentes (MG)
02/05/2023;27067736000133;09/02/2023;1;25;658;OURO CANASTRA Q'JARIA;Tiradentes (MG)
02/05/2023;27067736000133;10/02/2023;1;27;733;OURO CANASTRA Q'JARIA;Tiradentes (MG)
02/05/2023;27067736000133;16/02/2023;1;1;26;OURO CANASTRA Q'JARIA;Tiradentes (MG)
02/05/2023;27067736000133;01/03/2023;1;1;26;OURO CANASTRA Q'JARIA;Tiradentes (MG)
02/05/2023;27067736000133;02/03/2023;1;1;28;OURO CANASTRA Q'JARIA;Tiradentes (MG)
02/05/2023;27067736000133;18/01/2023;4;18;470;OURO CANASTRA Q'JARIA;Tiradentes (MG)
02/05/2023;27067736000133;23/01/2023;4;25;636;OURO CANASTRA Q'JARIA;Tiradentes (MG)
02/05/2023;27067736000133;06/02/2023;4;39;931;OURO CANASTRA Q'JARIA;Tiradentes (MG)
02/05/2023;27067736000133;08/02/2023;4;9;215;OURO CANASTRA Q'JARIA;Tiradentes (MG)
02/05/2023;27067736000133;13/02/2023;4;40;986;OURO CANASTRA Q'JARIA;Tiradentes (MG)
02/05/2023;27067736000133;20/02/2023;4;6;147;OURO CANASTRA Q'JARIA;Tiradentes (MG)
02/05/2023;27067736000133;27/02/2023;4;35;837;OURO CANASTRA Q'JARIA;Tiradentes (MG)
02/05/2023;27067736000133;06/03/2023;4;18;438;OURO CANASTRA Q'JARIA;Tiradentes (MG)
03/05/2023;102;03/04/2023;4;1;152;RIO DE JANEIRO;Rio de Janeiro (RJ)
03/05/2023;102;10/04/2023;4;12;2640;RIO DE JANEIRO;Rio de Janeiro (RJ)
03/05/2023;102;15/02/2023;7;3;565;RIO DE JANEIRO;Rio de Janeiro (RJ)
03/05/2023;102;23/11/2022;7;8;1480;RIO DE JANEIRO;Rio de Janeiro (RJ)
03/05/2023;102;11/11/2022;7;9;785;RIO DE JANEIRO;Rio de Janeiro (RJ)
03/05/2023;102;24/02/2023;7;8;1155;RIO DE JANEIRO;Rio de Janeiro (RJ)
03/05/2023;102;16/11/2022;7;27;5210;RIO DE JANEIRO;Rio de Janeiro (RJ)
03/05/2023;102;26/04/2023;16;35;8750;RIO DE JANEIRO;Rio de Janeiro (RJ)
03/05/2023;102;12/04/2023;16;1;250;RIO DE JANEIRO;Rio de Janeiro (RJ)
03/05/2023;102;21/02/2023;21;28;6345;RIO DE JANEIRO;Rio de Janeiro (RJ)
03/05/2023;102;13/02/2023;21;20;4460;RIO DE JANEIRO;Rio de Janeiro (RJ)
03/05/2023;102;15/02/2023;22;13;2560;RIO DE JANEIRO;Rio de Janeiro (RJ)
03/05/2023;102;20/03/2023;22;37;3805;RIO DE JANEIRO;Rio de Janeiro (RJ)
03/05/2023;102;24/04/2023;30;5;1000;RIO DE JANEIRO;Rio de Janeiro (RJ)
03/05/2023;102;28/04/2023;33;11;1690;RIO DE JANEIRO;Rio de Janeiro (RJ)
03/05/2023;102;28/04/2023;34;7;1505;RIO DE JANEIRO;Rio de Janeiro (RJ)
04/05/2023;102;25/01/2023;1;1;24;RIO DE JANEIRO;Rio de Janeiro (RJ)
04/05/2023;102;28/01/2023;1;6;161;RIO DE JANEIRO;Rio de Janeiro (RJ)
04/05/2023;102;02/02/2023;1;25;654;RIO DE JANEIRO;Rio de Janeiro (RJ)
04/05/2023;26594832000177;24/04/2023;32;3;3000;PIETRA SANTA PANI E PASTA LTDA  EPP;Belo Horizonte (MG)
05/05/2023;22686599000100;14/04/2023;1;5;132;PARAMO AGROINDUSTRIA E COMERCIO LTDA;Prados (MG)
05/05/2023;22686599000100;15/04/2023;1;21;589;PARAMO AGROINDUSTRIA E COMERCIO LTDA;Prados (MG)
05/05/2023;22686599000100;17/04/2023;1;4;1090;PARAMO AGROINDUSTRIA E COMERCIO LTDA;Prados (MG)
13/05/2023;1;17/04/2023;1;1;275;VENDA LOJA;Barbacena (MG)
13/05/2023;1;21/04/2023;15;1;160;VENDA LOJA;Barbacena (MG)
13/05/2023;1;09/05/2023;16;1;250;VENDA LOJA;Barbacena (MG)
15/05/2023;37482518000119;17/04/2023;1;8;2120;EMPORIO FAZENDA LUA CHEIA;Sao Paulo (SP)
15/05/2023;37482518000119;17/04/2023;4;6;1600;EMPORIO FAZENDA LUA CHEIA;Sao Paulo (SP)
15/05/2023;37482518000119;26/04/2023;17;6;1045;EMPORIO FAZENDA LUA CHEIA;Sao Paulo (SP)
15/05/2023;37482518000119;27/03/2023;22;8;950;EMPORIO FAZENDA LUA CHEIA;Sao Paulo (SP)
16/05/2023;101;15/05/2023;16;1;250;OUTROS;Barbacena (MG)
18/05/2023;18960914000160;20/04/2023;1;12;3080;ROSELANCHE;Barbacena (MG)
18/05/2023;18960914000160;28/04/2023;4;11;3045;ROSELANCHE;Barbacena (MG)
18/05/2023;18960914000160;17/04/2023;4;1;255;ROSELANCHE;Barbacena (MG)
18/05/2023;18960914000160;14/02/2023;7;6;1225;ROSELANCHE;Barbacena (MG)
18/05/2023;18960914000160;15/02/2023;22;7;730;ROSELANCHE;Barbacena (MG)
18/05/2023;18960914000160;27/03/2023;22;5;595;ROSELANCHE;Barbacena (MG)
19/05/2023;102;17/04/2023;1;2;570;RIO DE JANEIRO;Rio de Janeiro (RJ)
19/05/2023;102;19/04/2023;1;16;4330;RIO DE JANEIRO;Rio de Janeiro (RJ)
19/05/2023;102;20/04/2023;1;6;1615;RIO DE JANEIRO;Rio de Janeiro (RJ)
19/05/2023;102;17/04/2023;4;3;980;RIO DE JANEIRO;Rio de Janeiro (RJ)
19/05/2023;102;27/02/2023;5;1;465;RIO DE JANEIRO;Rio de Janeiro (RJ)
19/05/2023;102;11/01/2023;5;4;1925;RIO DE JANEIRO;Rio de Janeiro (RJ)
19/05/2023;102;06/02/2023;5;1;400;RIO DE JANEIRO;Rio de Janeiro (RJ)
19/05/2023;102;23/11/2022;7;24;4090;RIO DE JANEIRO;Rio de Janeiro (RJ)
19/05/2023;102;24/11/2022;7;8;1495;RIO DE JANEIRO;Rio de Janeiro (RJ)
19/05/2023;102;15/02/2023;7;1;190;RIO DE JANEIRO;Rio de Janeiro (RJ)
19/05/2023;102;11/11/2022;7;6;1380;RIO DE JANEIRO;Rio de Janeiro (RJ)
19/05/2023;102;16/05/2023;12;12;1656;RIO DE JANEIRO;Rio de Janeiro (RJ)
19/05/2023;102;16/05/2023;13;12;1656;RIO DE JANEIRO;Rio de Janeiro (RJ)
19/05/2023;102;21/04/2023;14;6;765;RIO DE JANEIRO;Rio de Janeiro (RJ)
19/05/2023;102;21/04/2023;15;6;865;RIO DE JANEIRO;Rio de Janeiro (RJ)
19/05/2023;102;09/05/2023;16;17;4250;RIO DE JANEIRO;Rio de Janeiro (RJ)
19/05/2023;102;12/05/2023;16;18;4500;RIO DE JANEIRO;Rio de Janeiro (RJ)
19/05/2023;102;15/05/2023;16;5;1250;RIO DE JANEIRO;Rio de Janeiro (RJ)
19/05/2023;102;26/04/2023;17;6;930;RIO DE JANEIRO;Rio de Janeiro (RJ)
19/05/2023;102;28/02/2023;21;30;6365;RIO DE JANEIRO;Rio de Janeiro (RJ)
19/05/2023;102;07/03/2023;21;5;890;RIO DE JANEIRO;Rio de Janeiro (RJ)
19/05/2023;102;27/03/2023;22;7;830;RIO DE JANEIRO;Rio de Janeiro (RJ)
19/05/2023;102;24/04/2023;22;15;1900;RIO DE JANEIRO;Rio de Janeiro (RJ)
19/05/2023;102;15/05/2023;34;3;1480;RIO DE JANEIRO;Rio de Janeiro (RJ)
19/05/2023;40329989000104;18/10/2022;2;1;390;LAJEDO;Rio de Janeiro (RJ)
19/05/2023;40329989000104;08/10/2022;3;1;735;LAJEDO;Rio de Janeiro (RJ)
19/05/2023;40329989000104;04/02/2023;5;5;1800;LAJEDO;Rio de Janeiro (RJ)
19/05/2023;40329989000104;30/01/2023;5;5;2230;LAJEDO;Rio de Janeiro (RJ)
19/05/2023;40329989000104;19/05/2023;12;3;414;LAJEDO;Rio de Janeiro (RJ)
19/05/2023;40329989000104;19/05/2023;13;3;414;LAJEDO;Rio de Janeiro (RJ)
19/05/2023;40329989000104;15/05/2023;16;12;3000;LAJEDO;Rio de Janeiro (RJ)
19/05/2023;40329989000104;12/05/2023;32;4;4000;LAJEDO;Rio de Janeiro (RJ)
26/05/2023;22686599000100;15/02/2023;8;4;1595;PARAMO AGROINDUSTRIA E COMERCIO LTDA;Prados (MG)
26/05/2023;22686599000100;13/01/2023;8;2;775;PARAMO AGROINDUSTRIA E COMERCIO LTDA;Prados (MG)
26/05/2023;22686599000100;16/01/2023;8;4;1565;PARAMO AGROINDUSTRIA E COMERCIO LTDA;Prados (MG)
27/05/2023;1;06/02/2023;5;1;500;VENDA LOJA;Barbacena (MG)
27/05/2023;1;12/05/2023;32;1;1000;VENDA LOJA;Barbacena (MG)
27/05/2023;22686599000100;24/04/2023;1;6;1560;PARAMO AGROINDUSTRIA E COMERCIO LTDA;Prados (MG)
27/05/2023;22686599000100;22/04/2023;1;19;5075;PARAMO AGROINDUSTRIA E COMERCIO LTDA;Prados (MG)
27/05/2023;22686599000100;21/04/2023;1;15;4080;PARAMO AGROINDUSTRIA E COMERCIO LTDA;Prados (MG)
27/05/2023;22686599000100;02/05/2023;4;26;6490;PARAMO AGROINDUSTRIA E COMERCIO LTDA;Prados (MG)
27/05/2023;22686599000100;08/05/2023;4;14;3740;PARAMO AGROINDUSTRIA E COMERCIO LTDA;Prados (MG)
27/05/2023;22686599000100;13/01/2023;7;15;2930;PARAMO AGROINDUSTRIA E COMERCIO LTDA;Prados (MG)
27/05/2023;41797875000143;15/05/2023;32;4;4000;LEMO;Rio de Janeiro (RJ)
27/05/2023;44564194000123;01/03/2023;28;2;535;DENGO!;Tiradentes (MG)
28/05/2023;102;08/05/2023;4;6;1560;RIO DE JANEIRO;Rio de Janeiro (RJ)
29/05/2023;101;14/03/2023;21;1;195;OUTROS;Barbacena (MG)
29/05/2023;26594832000177;15/05/2023;32;3;3000;PIETRA SANTA PANI E PASTA LTDA  EPP;Belo Horizonte (MG)
29/05/2023;5446468000128;27/05/2023;32;6;6000;REX BIBENDI LTDA;Belo Horizonte (MG)
01/06/2023;102;24/04/2023;1;5;1410;RIO DE JANEIRO;Rio de Janeiro (RJ)
01/06/2023;102;25/04/2023;1;21;5640;RIO DE JANEIRO;Rio de Janeiro (RJ)
01/06/2023;102;27/04/2023;1;18;4840;RIO DE JANEIRO;Rio de Janeiro (RJ)
01/06/2023;102;29/04/2023;1;19;5275;RIO DE JANEIRO;Rio de Janeiro (RJ)
01/06/2023;102;09/09/2022;3;3;2450;RIO DE JANEIRO;Rio de Janeiro (RJ)
01/06/2023;102;08/05/2023;4;6;1570;RIO DE JANEIRO;Rio de Janeiro (RJ)
01/06/2023;102;08/02/2023;5;9;3805;RIO DE JANEIRO;Rio de Janeiro (RJ)
01/06/2023;102;18/01/2023;5;1;345;RIO DE JANEIRO;Rio de Janeiro (RJ)
01/06/2023;102;16/01/2023;7;20;5530;RIO DE JANEIRO;Rio de Janeiro (RJ)
01/06/2023;102;18/01/2023;7;36;7080;RIO DE JANEIRO;Rio de Janeiro (RJ)
01/06/2023;102;19/01/2023;7;16;6510;RIO DE JANEIRO;Rio de Janeiro (RJ)
01/06/2023;102;22/01/2022;10;1;3225;RIO DE JANEIRO;Rio de Janeiro (RJ)
01/06/2023;102;31/05/2023;12;34;4692;RIO DE JANEIRO;Rio de Janeiro (RJ)
01/06/2023;102;31/05/2023;13;20;2760;RIO DE JANEIRO;Rio de Janeiro (RJ)
01/06/2023;102;30/05/2023;16;18;4500;RIO DE JANEIRO;Rio de Janeiro (RJ)
01/06/2023;102;31/05/2023;16;38;9500;RIO DE JANEIRO;Rio de Janeiro (RJ)
01/06/2023;102;26/04/2021;18;1;1135;RIO DE JANEIRO;Rio de Janeiro (RJ)
01/06/2023;102;20/08/2021;18;1;1095;RIO DE JANEIRO;Rio de Janeiro (RJ)
01/06/2023;102;07/03/2023;21;25;7490;RIO DE JANEIRO;Rio de Janeiro (RJ)
01/06/2023;102;14/03/2023;21;27;7060;RIO DE JANEIRO;Rio de Janeiro (RJ)
07/06/2023;17300504000120;02/05/2023;1;5;1110;GRAAL JF;Juiz de Fora (MG)
07/06/2023;17300504000120;08/10/2022;2;4;1555;GRAAL JF;Juiz de Fora (MG)
07/06/2023;17300504000120;18/10/2022;2;1;360;GRAAL JF;Juiz de Fora (MG)
07/06/2023;17300504000120;19/05/2023;4;10;2725;GRAAL JF;Juiz de Fora (MG)
07/06/2023;17300504000120;15/02/2023;8;5;1915;GRAAL JF;Juiz de Fora (MG)
09/06/2023;102;18/10/2022;11;1;2055;RIO DE JANEIRO;Rio de Janeiro (RJ)
09/06/2023;102;27/10/2022;11;1;2210;RIO DE JANEIRO;Rio de Janeiro (RJ)
09/06/2023;102;31/08/2021;18;2;2185;RIO DE JANEIRO;Rio de Janeiro (RJ)
09/06/2023;102;17/05/2023;22;32;4080;RIO DE JANEIRO;Rio de Janeiro (RJ)
09/06/2023;102;02/03/2023;28;4;1145;RIO DE JANEIRO;Rio de Janeiro (RJ)
09/06/2023;102;01/03/2023;28;1;210;RIO DE JANEIRO;Rio de Janeiro (RJ)
09/06/2023;102;05/06/2023;31;1;1000;RIO DE JANEIRO;Rio de Janeiro (RJ)
09/06/2023;102;05/06/2023;32;9;9000;RIO DE JANEIRO;Rio de Janeiro (RJ)
09/06/2023;102;05/06/2023;35;18;1510;RIO DE JANEIRO;Rio de Janeiro (RJ)
09/06/2023;18960914000160;03/05/2023;1;11;2470;ROSELANCHE;Barbacena (MG)
09/06/2023;18960914000160;04/05/2023;1;1;200;ROSELANCHE;Barbacena (MG)
09/06/2023;18960914000160;22/05/2023;4;12;3080;ROSELANCHE;Barbacena (MG)
09/06/2023;18960914000160;16/02/2023;7;12;2245;ROSELANCHE;Barbacena (MG)
09/06/2023;18960914000160;17/05/2023;22;6;1025;ROSELANCHE;Barbacena (MG)
09/06/2023;21014880000125;29/05/2023;32;5;5000;OMILIA;Belo Horizonte (MG)
09/06/2023;22686599000100;02/06/2023;16;19;4750;PARAMO AGROINDUSTRIA E COMERCIO LTDA;Prados (MG)
09/06/2023;22686599000100;05/06/2023;16;19;4750;PARAMO AGROINDUSTRIA E COMERCIO LTDA;Prados (MG)
09/06/2023;22686599000100;06/06/2023;16;18;4500;PARAMO AGROINDUSTRIA E COMERCIO LTDA;Prados (MG)
09/06/2023;40329989000104;06/06/2023;35;204;9790;LAJEDO;Rio de Janeiro (RJ)
09/06/2023;40329989000104;07/06/2023;35;156;8150;LAJEDO;Rio de Janeiro (RJ)
09/06/2023;42502561000139;22/05/2023;4;13;3225;A QUEIJARIA;Sao Joao Del Rei (MG)
12/06/2023;101;02/05/2023;1;6;1370;OUTROS;Barbacena (MG)
13/06/2023;29749971000110;23/03/2023;3;4;2845;CAVE QUEIJOS BRASILEIROS;Salvador (BA)
13/06/2023;29749971000110;29/03/2023;9;2;1520;CAVE QUEIJOS BRASILEIROS;Salvador (BA)
13/06/2023;29749971000110;11/02/2023;10;1;3795;CAVE QUEIJOS BRASILEIROS;Salvador (BA)
14/06/2023;46898681000158;12/06/2023;32;8;8000;PATRIA COZINHA DO BRASIL LTDA;Belo Horizonte (MG)
16/06/2023;102;19/05/2023;4;11;3150;RIO DE JANEIRO;Rio de Janeiro (RJ)
16/06/2023;102;29/05/2023;14;7;1280;RIO DE JANEIRO;Rio de Janeiro (RJ)
16/06/2023;102;29/05/2023;15;6;1110;RIO DE JANEIRO;Rio de Janeiro (RJ)
16/06/2023;102;18/05/2023;21;8;2235;RIO DE JANEIRO;Rio de Janeiro (RJ)
16/06/2023;102;23/05/2023;22;35;5655;RIO DE JANEIRO;Rio de Janeiro (RJ)
16/06/2023;102;14/06/2023;32;4;4000;RIO DE JANEIRO;Rio de Janeiro (RJ)
16/06/2023;102;14/06/2023;35;12;1100;RIO DE JANEIRO;Rio de Janeiro (RJ)
17/06/2023;1;04/05/2023;1;1;230;VENDA LOJA;Barbacena (MG)
17/06/2023;1;15/02/2023;7;1;200;VENDA LOJA;Barbacena (MG)
17/06/2023;1;08/10/2022;10;1;250;VENDA LOJA;Barbacena (MG)
17/06/2023;1;30/05/2023;21;3;875;VENDA LOJA;Barbacena (MG)
17/06/2023;40329989000104;08/10/2022;3;2;1515;LAJEDO;Rio de Janeiro (RJ)
17/06/2023;40329989000104;11/10/2022;3;2;1420;LAJEDO;Rio de Janeiro (RJ)
17/06/2023;40329989000104;25/05/2023;4;24;6635;LAJEDO;Rio de Janeiro (RJ)
17/06/2023;40329989000104;20/02/2023;5;1;390;LAJEDO;Rio de Janeiro (RJ)
17/06/2023;40329989000104;06/02/2023;5;7;6020;LAJEDO;Rio de Janeiro (RJ)
17/06/2023;40329989000104;13/02/2023;5;6;2240;LAJEDO;Rio de Janeiro (RJ)
17/06/2023;40329989000104;15/02/2023;9;5;4005;LAJEDO;Rio de Janeiro (RJ)
17/06/2023;40329989000104;03/11/2022;10;1;3460;LAJEDO;Rio de Janeiro (RJ)
17/06/2023;40329989000104;06/06/2023;16;1;250;LAJEDO;Rio de Janeiro (RJ)
17/06/2023;40329989000104;13/06/2023;16;6;5520;LAJEDO;Rio de Janeiro (RJ)
17/06/2023;40329989000104;15/06/2023;16;10;9450;LAJEDO;Rio de Janeiro (RJ)
17/06/2023;40329989000104;18/05/2023;21;11;3080;LAJEDO;Rio de Janeiro (RJ)
17/06/2023;40329989000104;12/06/2023;32;1;1000;LAJEDO;Rio de Janeiro (RJ)
17/06/2023;40329989000104;14/06/2023;32;1;1000;LAJEDO;Rio de Janeiro (RJ)
17/06/2023;40329989000104;14/06/2023;35;60;5535;LAJEDO;Rio de Janeiro (RJ)
20/06/2023;46898681000158;17/04/2023;32;7;7000;PATRIA COZINHA DO BRASIL LTDA;Belo Horizonte (MG)
23/06/2023;20547008000180;20/06/2023;32;4;4000;UAITHAI TIRADENTES;Tiradentes (MG)
23/06/2023;20547008000180;21/06/2023;32;6;6000;UAITHAI TIRADENTES;Tiradentes (MG)
23/06/2023;22686599000100;05/05/2023;1;22;4975;PARAMO AGROINDUSTRIA E COMERCIO LTDA;Prados (MG)
23/06/2023;22686599000100;06/05/2023;1;18;4185;PARAMO AGROINDUSTRIA E COMERCIO LTDA;Prados (MG)
23/06/2023;22686599000100;25/05/2023;4;15;4040;PARAMO AGROINDUSTRIA E COMERCIO LTDA;Prados (MG)
23/06/2023;22686599000100;05/06/2023;4;25;6750;PARAMO AGROINDUSTRIA E COMERCIO LTDA;Prados (MG)
23/06/2023;22686599000100;20/06/2023;16;35;8750;PARAMO AGROINDUSTRIA E COMERCIO LTDA;Prados (MG)
23/06/2023;22686599000100;21/06/2023;16;21;5250;PARAMO AGROINDUSTRIA E COMERCIO LTDA;Prados (MG)
25/06/2023;102;04/05/2023;1;13;2730;RIO DE JANEIRO;Rio de Janeiro (RJ)
25/06/2023;102;08/05/2023;1;4;890;RIO DE JANEIRO;Rio de Janeiro (RJ)
25/06/2023;102;15/02/2023;8;1;465;RIO DE JANEIRO;Rio de Janeiro (RJ)
25/06/2023;102;15/02/2023;9;1;730;RIO DE JANEIRO;Rio de Janeiro (RJ)
25/06/2023;102;07/06/2023;14;7;1285;RIO DE JANEIRO;Rio de Janeiro (RJ)
25/06/2023;102;07/06/2023;15;7;1310;RIO DE JANEIRO;Rio de Janeiro (RJ)
25/06/2023;102;20/06/2023;16;1;250;RIO DE JANEIRO;Rio de Janeiro (RJ)
25/06/2023;102;21/06/2023;16;15;3750;RIO DE JANEIRO;Rio de Janeiro (RJ)
25/06/2023;102;22/06/2023;16;16;4000;RIO DE JANEIRO;Rio de Janeiro (RJ)
25/06/2023;102;30/05/2023;21;20;5440;RIO DE JANEIRO;Rio de Janeiro (RJ)
25/06/2023;102;19/06/2023;32;8;8000;RIO DE JANEIRO;Rio de Janeiro (RJ)
25/06/2023;102;20/06/2023;32;2;2000;RIO DE JANEIRO;Rio de Janeiro (RJ)
27/06/2023;26594832000177;22/06/2023;32;4;4000;PIETRA SANTA PANI E PASTA LTDA  EPP;Belo Horizonte (MG)
28/06/2023;102;23/06/2023;12;22;3036;RIO DE JANEIRO;Rio de Janeiro (RJ)
29/06/2023;1173725000144;10/05/2023;1;4;985;PICHITA LANNA;Belo Horizonte (MG)
29/06/2023;1173725000144;12/06/2023;4;2;510;PICHITA LANNA;Belo Horizonte (MG)
29/06/2023;1173725000144;02/03/2023;9;1;710;PICHITA LANNA;Belo Horizonte (MG)
29/06/2023;1173725000144;08/06/2023;21;2;575;PICHITA LANNA;Belo Horizonte (MG)
29/06/2023;28526650000194;12/06/2023;4;20;5440;AOQUEIJO;Florianopolis (SC)
29/06/2023;28526650000194;02/03/2023;9;2;1425;AOQUEIJO;Florianopolis (SC)
02/07/2023;101;02/03/2023;8;1;395;OUTROS;Barbacena (MG)
02/07/2023;101;31/05/2023;22;4;580;OUTROS;Barbacena (MG)
04/07/2023;22686599000100;08/05/2023;1;10;2075;PARAMO AGROINDUSTRIA E COMERCIO LTDA;Prados (MG)
04/07/2023;22686599000100;09/05/2023;1;10;2075;PARAMO AGROINDUSTRIA E COMERCIO LTDA;Prados (MG)
04/07/2023;22686599000100;12/06/2023;4;13;3310;PARAMO AGROINDUSTRIA E COMERCIO LTDA;Prados (MG)
04/07/2023;22686599000100;16/06/2023;4;7;1860;PARAMO AGROINDUSTRIA E COMERCIO LTDA;Prados (MG)
04/07/2023;22686599000100;13/01/2023;8;1;395;PARAMO AGROINDUSTRIA E COMERCIO LTDA;Prados (MG)
04/07/2023;22686599000100;01/03/2023;9;7;4910;PARAMO AGROINDUSTRIA E COMERCIO LTDA;Prados (MG)
04/07/2023;22686599000100;24/02/2023;9;2;1495;PARAMO AGROINDUSTRIA E COMERCIO LTDA;Prados (MG)
04/07/2023;22686599000100;27/02/2023;9;3;2240;PARAMO AGROINDUSTRIA E COMERCIO LTDA;Prados (MG)
06/07/2023;40329989000104;06/07/2023;12;4;552;LAJEDO;Rio de Janeiro (RJ)
06/07/2023;40329989000104;06/07/2023;13;4;552;LAJEDO;Rio de Janeiro (RJ)
06/07/2023;40329989000104;22/06/2023;16;2;500;LAJEDO;Rio de Janeiro (RJ)
06/07/2023;40329989000104;28/06/2023;16;5;4600;LAJEDO;Rio de Janeiro (RJ)
06/07/2023;40329989000104;30/06/2023;16;37;9250;LAJEDO;Rio de Janeiro (RJ)
06/07/2023;40329989000104;04/07/2023;16;13;9280;LAJEDO;Rio de Janeiro (RJ)
06/07/2023;40329989000104;05/07/2023;35;133;12745;LAJEDO;Rio de Janeiro (RJ)
08/07/2023;102;19/06/2023;4;20;5365;RIO DE JANEIRO;Rio de Janeiro (RJ)
08/07/2023;102;02/03/2023;8;1;375;RIO DE JANEIRO;Rio de Janeiro (RJ)
08/07/2023;102;27/03/2023;9;2;1520;RIO DE JANEIRO;Rio de Janeiro (RJ)
08/07/2023;102;13/06/2023;21;15;4165;RIO DE JANEIRO;Rio de Janeiro (RJ)
08/07/2023;102;31/05/2023;22;19;3205;RIO DE JANEIRO;Rio de Janeiro (RJ)
08/07/2023;102;02/06/2023;22;1;145;RIO DE JANEIRO;Rio de Janeiro (RJ)
08/07/2023;102;30/06/2023;32;7;7000;RIO DE JANEIRO;Rio de Janeiro (RJ)
08/07/2023;102;03/07/2023;32;8;8000;RIO DE JANEIRO;Rio de Janeiro (RJ)
08/07/2023;18960914000160;19/06/2023;4;12;3260;ROSELANCHE;Barbacena (MG)
08/07/2023;18960914000160;03/03/2023;9;3;2040;ROSELANCHE;Barbacena (MG)
08/07/2023;18960914000160;02/06/2023;22;12;1785;ROSELANCHE;Barbacena (MG)
11/07/2023;43760381000110;06/07/2023;12;30;4140;COISA MINEIRA EMPORIO CAFETERIA;Sao Luis (MA)
11/07/2023;43760381000110;13/06/2023;21;8;2150;COISA MINEIRA EMPORIO CAFETERIA;Sao Luis (MA)
11/07/2023;5446468000128;22/06/2023;32;2;2000;REX BIBENDI LTDA;Belo Horizonte (MG)
11/07/2023;5446468000128;26/06/2023;32;4;4000;REX BIBENDI LTDA;Belo Horizonte (MG)
12/07/2023;1;12/07/2023;32;3;3000;VENDA LOJA;Barbacena (MG)
13/07/2023;1;06/03/2023;9;2;1455;VENDA LOJA;Barbacena (MG)
13/07/2023;1;29/06/2023;15;4;770;VENDA LOJA;Barbacena (MG)
14/07/2023;102;21/12/2022;10;1;2860;RIO DE JANEIRO;Rio de Janeiro (RJ)
14/07/2023;102;16/12/2022;10;1;3890;RIO DE JANEIRO;Rio de Janeiro (RJ)
14/07/2023;102;21/01/2022;18;4;4625;RIO DE JANEIRO;Rio de Janeiro (RJ)
14/07/2023;102;02/06/2023;22;30;4315;RIO DE JANEIRO;Rio de Janeiro (RJ)
14/07/2023;102;10/07/2023;32;9;9000;RIO DE JANEIRO;Rio de Janeiro (RJ)
14/07/2023;40329989000104;04/05/2023;1;3;1130;LAJEDO;Rio de Janeiro (RJ)
14/07/2023;40329989000104;09/05/2023;1;2;1210;LAJEDO;Rio de Janeiro (RJ)
14/07/2023;40329989000104;10/05/2023;1;15;3935;LAJEDO;Rio de Janeiro (RJ)
14/07/2023;40329989000104;11/05/2023;1;16;4200;LAJEDO;Rio de Janeiro (RJ)
14/07/2023;40329989000104;13/05/2023;1;17;5040;LAJEDO;Rio de Janeiro (RJ)
14/07/2023;40329989000104;16/05/2023;1;15;4450;LAJEDO;Rio de Janeiro (RJ)
14/07/2023;40329989000104;20/05/2023;1;16;4500;LAJEDO;Rio de Janeiro (RJ)
14/07/2023;40329989000104;22/05/2023;1;12;3050;LAJEDO;Rio de Janeiro (RJ)
14/07/2023;40329989000104;26/05/2023;1;16;4480;LAJEDO;Rio de Janeiro (RJ)
14/07/2023;40329989000104;01/06/2023;1;27;6630;LAJEDO;Rio de Janeiro (RJ)
14/07/2023;40329989000104;03/06/2023;1;29;6875;LAJEDO;Rio de Janeiro (RJ)
14/07/2023;40329989000104;10/06/2023;1;26;7115;LAJEDO;Rio de Janeiro (RJ)
14/07/2023;40329989000104;17/06/2023;1;2;465;LAJEDO;Rio de Janeiro (RJ)
14/07/2023;40329989000104;29/05/2023;1;10;2940;LAJEDO;Rio de Janeiro (RJ)
14/07/2023;40329989000104;16/06/2023;4;23;6270;LAJEDO;Rio de Janeiro (RJ)
14/07/2023;40329989000104;19/06/2023;4;6;1540;LAJEDO;Rio de Janeiro (RJ)
14/07/2023;40329989000104;23/06/2023;4;10;2600;LAJEDO;Rio de Janeiro (RJ)
14/07/2023;40329989000104;06/07/2023;16;38;9500;LAJEDO;Rio de Janeiro (RJ)
14/07/2023;40329989000104;07/07/2023;16;42;10500;LAJEDO;Rio de Janeiro (RJ)
14/07/2023;40329989000104;12/07/2023;16;40;10000;LAJEDO;Rio de Janeiro (RJ)
14/07/2023;40329989000104;13/07/2023;16;40;10000;LAJEDO;Rio de Janeiro (RJ)
14/07/2023;40329989000104;11/07/2023;35;190;16512;LAJEDO;Rio de Janeiro (RJ)
18/07/2023;1;26/06/2023;5;2;935;VENDA LOJA;Barbacena (MG)
18/07/2023;1;26/06/2023;32;2;2000;VENDA LOJA;Barbacena (MG)
18/07/2023;42502561000139;23/06/2023;4;16;3740;A QUEIJARIA;Sao Joao Del Rei (MG)
18/07/2023;44564194000123;26/06/2023;32;1;1000;DENGO!;Tiradentes (MG)
21/07/2023;102;04/07/2023;1;14;3995;RIO DE JANEIRO;Rio de Janeiro (RJ)
21/07/2023;102;26/06/2023;4;25;7590;RIO DE JANEIRO;Rio de Janeiro (RJ)
21/07/2023;102;27/06/2023;4;15;4500;RIO DE JANEIRO;Rio de Janeiro (RJ)
21/07/2023;102;05/11/2022;9;10;8100;RIO DE JANEIRO;Rio de Janeiro (RJ)
21/07/2023;102;12/12/2022;10;1;3645;RIO DE JANEIRO;Rio de Janeiro (RJ)
21/07/2023;102;13/12/2022;10;1;3380;RIO DE JANEIRO;Rio de Janeiro (RJ)
21/07/2023;102;20/07/2023;12;7;966;RIO DE JANEIRO;Rio de Janeiro (RJ)
21/07/2023;102;20/07/2023;13;7;966;RIO DE JANEIRO;Rio de Janeiro (RJ)
21/07/2023;102;29/06/2023;14;7;1090;RIO DE JANEIRO;Rio de Janeiro (RJ)
21/07/2023;102;29/06/2023;15;2;330;RIO DE JANEIRO;Rio de Janeiro (RJ)
21/07/2023;102;19/07/2023;16;33;8250;RIO DE JANEIRO;Rio de Janeiro (RJ)
21/07/2023;102;20/07/2023;16;19;4750;RIO DE JANEIRO;Rio de Janeiro (RJ)
21/07/2023;102;20/08/2021;18;4;3515;RIO DE JANEIRO;Rio de Janeiro (RJ)
21/07/2023;102;08/06/2023;21;26;8050;RIO DE JANEIRO;Rio de Janeiro (RJ)
21/07/2023;102;13/06/2023;21;4;1100;RIO DE JANEIRO;Rio de Janeiro (RJ)
21/07/2023;102;24/06/2023;21;10;2800;RIO DE JANEIRO;Rio de Janeiro (RJ)
21/07/2023;102;02/06/2023;22;1;115;RIO DE JANEIRO;Rio de Janeiro (RJ)
21/07/2023;102;09/06/2023;22;28;3920;RIO DE JANEIRO;Rio de Janeiro (RJ)
21/07/2023;102;20/07/2023;34;5;2555;RIO DE JANEIRO;Rio de Janeiro (RJ)
27/07/2023;1;27/06/2023;4;1;280;VENDA LOJA;Barbacena (MG)
27/07/2023;1;06/03/2023;8;1;325;VENDA LOJA;Barbacena (MG)
27/07/2023;1;06/03/2023;9;1;755;VENDA LOJA;Barbacena (MG)
27/07/2023;1;12/07/2023;14;2;365;VENDA LOJA;Barbacena (MG)
27/07/2023;1;25/07/2023;16;4;1000;VENDA LOJA;Barbacena (MG)
27/07/2023;1;24/06/2023;21;2;565;VENDA LOJA;Barbacena (MG)
27/07/2023;1173725000144;06/07/2023;1;2;550;PICHITA LANNA;Belo Horizonte (MG)
27/07/2023;1173725000144;03/03/2023;9;2;1440;PICHITA LANNA;Belo Horizonte (MG)
27/07/2023;1173725000144;12/07/2023;15;6;1085;PICHITA LANNA;Belo Horizonte (MG)
27/07/2023;1173725000144;24/06/2023;21;2;525;PICHITA LANNA;Belo Horizonte (MG)
28/07/2023;22686599000100;06/07/2023;1;14;3855;PARAMO AGROINDUSTRIA E COMERCIO LTDA;Prados (MG)
28/07/2023;22686599000100;07/07/2023;1;12;3260;PARAMO AGROINDUSTRIA E COMERCIO LTDA;Prados (MG)
28/07/2023;22686599000100;08/07/2023;1;24;6625;PARAMO AGROINDUSTRIA E COMERCIO LTDA;Prados (MG)
28/07/2023;22686599000100;29/06/2023;4;24;6450;PARAMO AGROINDUSTRIA E COMERCIO LTDA;Prados (MG)
28/07/2023;22686599000100;03/07/2023;4;26;7325;PARAMO AGROINDUSTRIA E COMERCIO LTDA;Prados (MG)
28/07/2023;22686599000100;20/07/2023;16;20;5000;PARAMO AGROINDUSTRIA E COMERCIO LTDA;Prados (MG)
28/07/2023;22686599000100;21/07/2023;16;38;9500;PARAMO AGROINDUSTRIA E COMERCIO LTDA;Prados (MG)
28/07/2023;22686599000100;24/07/2023;16;39;9750;PARAMO AGROINDUSTRIA E COMERCIO LTDA;Prados (MG)
28/07/2023;22686599000100;25/07/2023;16;14;3500;PARAMO AGROINDUSTRIA E COMERCIO LTDA;Prados (MG)
28/07/2023;27067736000133;08/03/2023;9;7;5220;OURO CANASTRA Q'JARIA;Tiradentes (MG)
28/07/2023;27067736000133;10/03/2023;9;7;5450;OURO CANASTRA Q'JARIA;Tiradentes (MG)
28/07/2023;27067736000133;13/03/2023;9;1;710;OURO CANASTRA Q'JARIA;Tiradentes (MG)
28/07/2023;27067736000133;11/03/2023;10;1;3065;OURO CANASTRA Q'JARIA;Tiradentes (MG)
30/07/2023;102;02/03/2023;9;1;745;RIO DE JANEIRO;Rio de Janeiro (RJ)
30/07/2023;102;03/03/2023;9;1;740;RIO DE JANEIRO;Rio de Janeiro (RJ)
30/07/2023;102;06/03/2023;9;1;375;RIO DE JANEIRO;Rio de Janeiro (RJ)
30/07/2023;102;28/07/2023;12;3;3300;RIO DE JANEIRO;Rio de Janeiro (RJ)
30/07/2023;102;24/06/2023;21;5;1355;RIO DE JANEIRO;Rio de Janeiro (RJ)
30/07/2023;102;09/06/2023;22;20;2670;RIO DE JANEIRO;Rio de Janeiro (RJ)
30/07/2023;102;28/07/2023;34;4;2000;RIO DE JANEIRO;Rio de Janeiro (RJ)
30/07/2023;18960914000160;08/07/2023;1;3;890;ROSELANCHE;Barbacena (MG)
30/07/2023;18960914000160;27/06/2023;4;11;3310;ROSELANCHE;Barbacena (MG)
30/07/2023;18960914000160;09/06/2023;22;11;1675;ROSELANCHE;Barbacena (MG)
30/07/2023;31933226000179;18/03/2023;3;6;4245;ADORO QUEIJO LTDA;Rio de Janeiro (RJ)
30/07/2023;31933226000179;20/03/2023;3;6;4525;ADORO QUEIJO LTDA;Rio de Janeiro (RJ)
30/07/2023;31933226000179;23/03/2023;3;3;2095;ADORO QUEIJO LTDA;Rio de Janeiro (RJ)
30/07/2023;31933226000179;22/03/2023;3;5;3395;ADORO QUEIJO LTDA;Rio de Janeiro (RJ)
31/07/2023;26594832000177;24/07/2023;32;5;5000;PIETRA SANTA PANI E PASTA LTDA  EPP;Belo Horizonte (MG)
01/08/2023;29749971000110;21/03/2023;3;4;2680;CAVE QUEIJOS BRASILEIROS;Salvador (BA)
01/08/2023;29749971000110;13/03/2023;9;2;1375;CAVE QUEIJOS BRASILEIROS;Salvador (BA)
01/08/2023;29749971000110;18/02/2023;10;1;4040;CAVE QUEIJOS BRASILEIROS;Salvador (BA)
08/08/2023;1;19/07/2023;1;6;1635;VENDA LOJA;Barbacena (MG)
08/08/2023;1;17/07/2023;4;1;255;VENDA LOJA;Barbacena (MG)
08/08/2023;1;03/07/2023;4;4;1055;VENDA LOJA;Barbacena (MG)
08/08/2023;1;14/02/2023;8;8;3045;VENDA LOJA;Barbacena (MG)
08/08/2023;102;25/07/2023;1;8;1830;RIO DE JANEIRO;Rio de Janeiro (RJ)
08/08/2023;20547008000180;17/07/2023;32;1;1000;UAITHAI TIRADENTES;Tiradentes (MG)
08/08/2023;20547008000180;31/07/2023;32;9;9000;UAITHAI TIRADENTES;Tiradentes (MG)
08/08/2023;37482518000119;25/07/2023;1;5;1415;EMPORIO FAZENDA LUA CHEIA;Sao Paulo (SP)
08/08/2023;37482518000119;18/07/2023;17;4;485;EMPORIO FAZENDA LUA CHEIA;Sao Paulo (SP)
08/08/2023;37482518000119;18/07/2023;22;10;1660;EMPORIO FAZENDA LUA CHEIA;Sao Paulo (SP)
09/08/2023;28526650000194;19/07/2023;1;11;3180;AOQUEIJO;Florianopolis (SC)
09/08/2023;28526650000194;21/07/2023;1;14;3810;AOQUEIJO;Florianopolis (SC)
09/08/2023;28526650000194;22/07/2023;1;5;1210;AOQUEIJO;Florianopolis (SC)
11/08/2023;102;22/07/2023;1;19;5870;RIO DE JANEIRO;Rio de Janeiro (RJ)
11/08/2023;102;22/09/2022;3;7;5600;RIO DE JANEIRO;Rio de Janeiro (RJ)
11/08/2023;102;15/07/2023;4;26;6500;RIO DE JANEIRO;Rio de Janeiro (RJ)
11/08/2023;102;03/11/2022;9;5;4510;RIO DE JANEIRO;Rio de Janeiro (RJ)
11/08/2023;102;02/11/2022;9;6;5180;RIO DE JANEIRO;Rio de Janeiro (RJ)
11/08/2023;102;05/11/2022;9;5;3980;RIO DE JANEIRO;Rio de Janeiro (RJ)
11/08/2023;102;12/11/2022;9;3;1750;RIO DE JANEIRO;Rio de Janeiro (RJ)
11/08/2023;102;13/03/2023;9;1;840;RIO DE JANEIRO;Rio de Janeiro (RJ)
11/08/2023;102;27/10/2022;10;1;4080;RIO DE JANEIRO;Rio de Janeiro (RJ)
11/08/2023;102;10/12/2022;10;1;4065;RIO DE JANEIRO;Rio de Janeiro (RJ)
11/08/2023;102;09/08/2023;12;20;2760;RIO DE JANEIRO;Rio de Janeiro (RJ)
11/08/2023;102;09/08/2023;13;20;2760;RIO DE JANEIRO;Rio de Janeiro (RJ)
11/08/2023;102;12/07/2023;14;5;720;RIO DE JANEIRO;Rio de Janeiro (RJ)
11/08/2023;102;18/07/2023;14;6;1020;RIO DE JANEIRO;Rio de Janeiro (RJ)
11/08/2023;102;18/07/2023;15;6;1040;RIO DE JANEIRO;Rio de Janeiro (RJ)
11/08/2023;102;20/07/2023;15;7;1120;RIO DE JANEIRO;Rio de Janeiro (RJ)
11/08/2023;102;02/08/2023;16;9;2250;RIO DE JANEIRO;Rio de Janeiro (RJ)
11/08/2023;102;07/08/2023;16;16;4000;RIO DE JANEIRO;Rio de Janeiro (RJ)
11/08/2023;102;08/08/2023;16;19;4000;RIO DE JANEIRO;Rio de Janeiro (RJ)
11/08/2023;102;18/07/2023;17;3;730;RIO DE JANEIRO;Rio de Janeiro (RJ)
11/08/2023;102;20/08/2021;18;2;2285;RIO DE JANEIRO;Rio de Janeiro (RJ)
11/08/2023;102;24/06/2023;21;11;3560;RIO DE JANEIRO;Rio de Janeiro (RJ)
11/08/2023;102;01/07/2023;21;13;3470;RIO DE JANEIRO;Rio de Janeiro (RJ)
11/08/2023;102;18/07/2023;22;11;1750;RIO DE JANEIRO;Rio de Janeiro (RJ)
11/08/2023;102;10/07/2023;22;28;4075;RIO DE JANEIRO;Rio de Janeiro (RJ)
11/08/2023;102;13/07/2023;32;4;4000;RIO DE JANEIRO;Rio de Janeiro (RJ)
11/08/2023;40329989000104;26/06/2023;5;5;2400;LAJEDO;Rio de Janeiro (RJ)
11/08/2023;40329989000104;15/07/2023;5;6;2740;LAJEDO;Rio de Janeiro (RJ)
11/08/2023;40329989000104;29/03/2023;9;3;2345;LAJEDO;Rio de Janeiro (RJ)
11/08/2023;40329989000104;30/03/2023;9;3;2395;LAJEDO;Rio de Janeiro (RJ)
11/08/2023;40329989000104;14/01/2023;11;1;2235;LAJEDO;Rio de Janeiro (RJ)
11/08/2023;40329989000104;13/12/2022;11;1;2195;LAJEDO;Rio de Janeiro (RJ)
11/08/2023;40329989000104;31/07/2023;16;7;9520;LAJEDO;Rio de Janeiro (RJ)
11/08/2023;40329989000104;02/08/2023;16;1;1360;LAJEDO;Rio de Janeiro (RJ)
11/08/2023;40329989000104;01/07/2023;21;23;5095;LAJEDO;Rio de Janeiro (RJ)
17/08/2023;1173725000144;15/02/2023;8;2;400;PICHITA LANNA;Belo Horizonte (MG)
17/08/2023;1173725000144;13/03/2023;9;1;850;PICHITA LANNA;Belo Horizonte (MG)
17/08/2023;1173725000144;20/07/2023;14;7;1040;PICHITA LANNA;Belo Horizonte (MG)
17/08/2023;18960914000160;28/07/2023;1;12;3290;ROSELANCHE;Barbacena (MG)
17/08/2023;18960914000160;15/07/2023;4;12;3285;ROSELANCHE;Barbacena (MG)
17/08/2023;18960914000160;20/02/2023;9;3;2360;ROSELANCHE;Barbacena (MG)
17/08/2023;18960914000160;24/07/2023;22;12;1790;ROSELANCHE;Barbacena (MG)
18/08/2023;1;27/07/2023;1;18;4470;VENDA LOJA;Barbacena (MG)
18/08/2023;1;28/07/2023;1;5;5085;VENDA LOJA;Barbacena (MG)
18/08/2023;1;29/07/2023;1;18;5025;VENDA LOJA;Barbacena (MG)
18/08/2023;1;02/08/2023;1;4;1000;VENDA LOJA;Barbacena (MG)
18/08/2023;1;03/08/2023;4;23;6180;VENDA LOJA;Barbacena (MG)
18/08/2023;1;22/02/2023;9;6;5115;VENDA LOJA;Barbacena (MG)
18/08/2023;1;17/02/2023;9;4;3115;VENDA LOJA;Barbacena (MG)
18/08/2023;1;10/12/2022;11;1;1950;VENDA LOJA;Barbacena (MG)
18/08/2023;1;03/11/2022;11;1;2245;VENDA LOJA;Barbacena (MG)
18/08/2023;1;03/12/2022;11;1;2230;VENDA LOJA;Barbacena (MG)
18/08/2023;1;14/08/2023;16;17;4250;VENDA LOJA;Barbacena (MG)
18/08/2023;1;17/08/2023;16;18;4000;VENDA LOJA;Barbacena (MG)
18/08/2023;1;03/12/2021;18;2;2380;VENDA LOJA;Barbacena (MG)
18/08/2023;1;31/08/2021;18;1;1230;VENDA LOJA;Barbacena (MG)
18/08/2023;1;14/01/2022;18;1;1175;VENDA LOJA;Barbacena (MG)
18/08/2023;102;18/08/2023;12;15;1950;RIO DE JANEIRO;Rio de Janeiro (RJ)
18/08/2023;102;18/08/2023;13;15;1950;RIO DE JANEIRO;Rio de Janeiro (RJ)
18/08/2023;22686599000100;26/07/2023;1;19;4530;PARAMO AGROINDUSTRIA E COMERCIO LTDA;Prados (MG)
18/08/2023;22686599000100;27/07/2023;1;1;435;PARAMO AGROINDUSTRIA E COMERCIO LTDA;Prados (MG)
18/08/2023;22686599000100;15/07/2023;4;3;1800;PARAMO AGROINDUSTRIA E COMERCIO LTDA;Prados (MG)
18/08/2023;22686599000100;31/07/2023;4;6;1460;PARAMO AGROINDUSTRIA E COMERCIO LTDA;Prados (MG)
18/08/2023;22686599000100;01/08/2023;4;20;5595;PARAMO AGROINDUSTRIA E COMERCIO LTDA;Prados (MG)
18/08/2023;22686599000100;22/02/2023;9;3;1900;PARAMO AGROINDUSTRIA E COMERCIO LTDA;Prados (MG)
18/08/2023;22686599000100;23/02/2023;9;5;3880;PARAMO AGROINDUSTRIA E COMERCIO LTDA;Prados (MG)
18/08/2023;27067736000133;06/04/2023;9;7;5860;OURO CANASTRA Q'JARIA;Tiradentes (MG)
18/08/2023;27067736000133;07/04/2023;9;6;5010;OURO CANASTRA Q'JARIA;Tiradentes (MG)
22/08/2023;26594832000177;17/08/2023;32;5;5000;PIETRA SANTA PANI E PASTA LTDA  EPP;Belo Horizonte (MG)
29/08/2023;5446468000128;17/08/2023;32;1;1000;REX BIBENDI LTDA;Belo Horizonte (MG)
29/08/2023;5446468000128;21/08/2023;32;7;7000;REX BIBENDI LTDA;Belo Horizonte (MG)
02/09/2023;102;17/07/2023;32;2;2000;RIO DE JANEIRO;Rio de Janeiro (RJ)
02/09/2023;102;03/07/2023;36;1;800;RIO DE JANEIRO;Rio de Janeiro (RJ)
02/09/2023;102;28/06/2023;36;1;800;RIO DE JANEIRO;Rio de Janeiro (RJ)
02/09/2023;102;27/06/2023;36;1;800;RIO DE JANEIRO;Rio de Janeiro (RJ)
02/09/2023;102;18/07/2023;37;4;1100;RIO DE JANEIRO;Rio de Janeiro (RJ)
03/09/2023;102;11/08/2023;1;15;4265;RIO DE JANEIRO;Rio de Janeiro (RJ)
03/09/2023;102;05/08/2023;21;15;4275;RIO DE JANEIRO;Rio de Janeiro (RJ)
03/09/2023;102;09/08/2023;22;15;1975;RIO DE JANEIRO;Rio de Janeiro (RJ)
03/09/2023;102;27/06/2023;36;1;800;RIO DE JANEIRO;Rio de Janeiro (RJ)
03/09/2023;102;28/06/2023;36;1;800;RIO DE JANEIRO;Rio de Janeiro (RJ)
03/09/2023;102;03/07/2023;36;1;800;RIO DE JANEIRO;Rio de Janeiro (RJ)
03/09/2023;102;18/07/2023;37;4;1100;RIO DE JANEIRO;Rio de Janeiro (RJ)
07/09/2023;102;17/08/2023;32;2;2000;RIO DE JANEIRO;Rio de Janeiro (RJ)
07/09/2023;102;21/08/2023;32;1;1000;RIO DE JANEIRO;Rio de Janeiro (RJ)
07/09/2023;102;04/09/2023;32;2;2000;RIO DE JANEIRO;Rio de Janeiro (RJ)
07/09/2023;22686599000100;11/08/2023;1;2;5390;PARAMO AGROINDUSTRIA E COMERCIO LTDA;Prados (MG)
07/09/2023;22686599000100;14/08/2023;1;10;2480;PARAMO AGROINDUSTRIA E COMERCIO LTDA;Prados (MG)
07/09/2023;22686599000100;15/08/2023;1;20;5630;PARAMO AGROINDUSTRIA E COMERCIO LTDA;Prados (MG)
07/09/2023;22686599000100;18/08/2023;1;8;2200;PARAMO AGROINDUSTRIA E COMERCIO LTDA;Prados (MG)
07/09/2023;22686599000100;07/08/2023;4;20;4970;PARAMO AGROINDUSTRIA E COMERCIO LTDA;Prados (MG)
07/09/2023;22686599000100;17/08/2023;4;20;3950;PARAMO AGROINDUSTRIA E COMERCIO LTDA;Prados (MG)
07/09/2023;22686599000100;24/02/2023;9;4;2880;PARAMO AGROINDUSTRIA E COMERCIO LTDA;Prados (MG)
07/09/2023;22686599000100;25/01/2023;9;8;6380;PARAMO AGROINDUSTRIA E COMERCIO LTDA;Prados (MG)
07/09/2023;27067736000133;14/02/2023;9;6;890;OURO CANASTRA Q'JARIA;Tiradentes (MG)
07/09/2023;27067736000133;16/03/2023;9;8;6830;OURO CANASTRA Q'JARIA;Tiradentes (MG)
07/09/2023;40329989000104;04/08/2023;4;22;16140;LAJEDO;Rio de Janeiro (RJ)
07/09/2023;40329989000104;07/08/2023;4;18;4940;LAJEDO;Rio de Janeiro (RJ)
07/09/2023;40329989000104;04/09/2023;32;5;5000;LAJEDO;Rio de Janeiro (RJ)
09/09/2023;1;17/08/2023;4;5;2800;VENDA LOJA;Barbacena (MG)
09/09/2023;1;21/08/2023;4;5;1250;VENDA LOJA;Barbacena (MG)
09/09/2023;1;12/04/2023;9;5;4090;VENDA LOJA;Barbacena (MG)
09/09/2023;1;03/01/2023;10;1;3950;VENDA LOJA;Barbacena (MG)
09/09/2023;1;08/08/2023;21;12;3325;VENDA LOJA;Barbacena (MG)
09/09/2023;1;09/08/2023;22;14;1705;VENDA LOJA;Barbacena (MG)
09/09/2023;102;10/08/2023;12;34;4000;RIO DE JANEIRO;Rio de Janeiro (RJ)
10/09/2023;1;28/08/2023;16;12;3000;VENDA LOJA;Barbacena (MG)
10/09/2023;1;29/08/2023;16;17;4250;VENDA LOJA;Barbacena (MG)
10/09/2023;1;30/08/2023;16;16;4000;VENDA LOJA;Barbacena (MG)
12/09/2023;46535182000104;22/08/2023;1;5;1240;ROCA CAPITAL;Belo Horizonte (MG)
12/09/2023;46535182000104;18/08/2023;1;5;1350;ROCA CAPITAL;Belo Horizonte (MG)
12/09/2023;46535182000104;21/08/2023;4;10;2725;ROCA CAPITAL;Belo Horizonte (MG)
12/09/2023;46535182000104;24/08/2023;16;18;4500;ROCA CAPITAL;Belo Horizonte (MG)
12/09/2023;46535182000104;25/08/2023;16;16;4000;ROCA CAPITAL;Belo Horizonte (MG)
12/09/2023;46535182000104;28/08/2023;16;5;1250;ROCA CAPITAL;Belo Horizonte (MG)
12/09/2023;46535182000104;22/08/2023;16;17;4250;ROCA CAPITAL;Belo Horizonte (MG)
19/09/2023;37824580000141;22/08/2023;1;12;3110;MIO QUI TEM;Sao Paulo (SP)
19/09/2023;37824580000141;24/08/2023;1;2;523;MIO QUI TEM;Sao Paulo (SP)
19/09/2023;37824580000141;29/03/2023;9;2;1850;MIO QUI TEM;Sao Paulo (SP)
19/09/2023;37824580000141;04/04/2023;9;2;1600;MIO QUI TEM;Sao Paulo (SP)
22/09/2023;102;31/08/2023;16;10;2500;RIO DE JANEIRO;Rio de Janeiro (RJ)
22/09/2023;102;23/08/2023;21;10;2925;RIO DE JANEIRO;Rio de Janeiro (RJ)
22/09/2023;102;21/09/2023;34;3;1420;RIO DE JANEIRO;Rio de Janeiro (RJ)
22/09/2023;42502561000139;21/08/2023;4;12;2995;A QUEIJARIA;Sao Joao Del Rei (MG)
26/09/2023;26594832000177;21/09/2023;32;5;5000;PIETRA SANTA PANI E PASTA LTDA  EPP;Belo Horizonte (MG)
26/09/2023;50718430000111;24/08/2023;1;11;3527;KAZA GOURMET;Salvador (BA)
26/09/2023;50718430000111;02/08/2023;1;1;220;KAZA GOURMET;Salvador (BA)
26/09/2023;50718430000111;21/08/2023;4;11;4510;KAZA GOURMET;Salvador (BA)
26/09/2023;50718430000111;27/01/2023;9;4;2530;KAZA GOURMET;Salvador (BA)
26/09/2023;50718430000111;18/09/2023;12;6;1000;KAZA GOURMET;Salvador (BA)
26/09/2023;50718430000111;18/09/2023;13;6;1000;KAZA GOURMET;Salvador (BA)
30/09/2023;102;02/08/2023;1;7;2270;RIO DE JANEIRO;Rio de Janeiro (RJ)
30/09/2023;102;28/08/2023;4;20;5870;RIO DE JANEIRO;Rio de Janeiro (RJ)
30/09/2023;102;14/09/2023;12;21;3000;RIO DE JANEIRO;Rio de Janeiro (RJ)
30/09/2023;102;07/09/2023;16;17;4250;RIO DE JANEIRO;Rio de Janeiro (RJ)
30/09/2023;102;05/09/2023;16;16;4000;RIO DE JANEIRO;Rio de Janeiro (RJ)
30/09/2023;102;04/09/2023;16;16;4000;RIO DE JANEIRO;Rio de Janeiro (RJ)
30/09/2023;102;01/09/2023;16;17;4250;RIO DE JANEIRO;Rio de Janeiro (RJ)
30/09/2023;102;31/08/2023;16;1;250;RIO DE JANEIRO;Rio de Janeiro (RJ)
30/09/2023;102;30/08/2023;16;1;250;RIO DE JANEIRO;Rio de Janeiro (RJ)
30/09/2023;102;05/08/2023;21;7;1900;RIO DE JANEIRO;Rio de Janeiro (RJ)
30/09/2023;102;08/08/2023;21;3;1080;RIO DE JANEIRO;Rio de Janeiro (RJ)
30/09/2023;102;12/08/2023;21;19;5260;RIO DE JANEIRO;Rio de Janeiro (RJ)
30/09/2023;102;09/08/2023;22;19;2165;RIO DE JANEIRO;Rio de Janeiro (RJ)
30/09/2023;102;01/09/2023;22;15;1345;RIO DE JANEIRO;Rio de Janeiro (RJ)
30/09/2023;102;14/08/2023;32;9;9000;RIO DE JANEIRO;Rio de Janeiro (RJ)
30/09/2023;102;14/09/2023;32;4;4000;RIO DE JANEIRO;Rio de Janeiro (RJ)
30/09/2023;18960914000160;25/08/2023;1;12;3875;ROSELANCHE;Barbacena (MG)
30/09/2023;18960914000160;26/08/2023;1;2;565;ROSELANCHE;Barbacena (MG)
30/09/2023;18960914000160;14/09/2023;4;13;3410;ROSELANCHE;Barbacena (MG)
30/09/2023;18960914000160;20/02/2023;9;3;2100;ROSELANCHE;Barbacena (MG)
30/09/2023;18960914000160;11/09/2023;22;13;1770;ROSELANCHE;Barbacena (MG)
02/10/2023;102;04/09/2023;32;1;1000;RIO DE JANEIRO;Rio de Janeiro (RJ)
05/10/2023;1;26/08/2023;1;2;620;VENDA LOJA;Barbacena (MG)
05/10/2023;1;28/08/2023;4;1;255;VENDA LOJA;Barbacena (MG)
05/10/2023;26594832000177;02/10/2023;32;5;5000;PIETRA SANTA PANI E PASTA LTDA  EPP;Belo Horizonte (MG)
09/10/2023;26887853000180;23/09/2023;1;11;2765;BARU;Florianopolis (SC)
09/10/2023;26887853000180;13/04/2023;9;2;1480;BARU;Florianopolis (SC)
09/10/2023;26887853000180;17/06/2023;11;1;2400;BARU;Florianopolis (SC)
09/10/2023;26887853000180;06/10/2023;16;8;2000;BARU;Florianopolis (SC)
12/10/2023;1;04/09/2023;5;2;720;VENDA LOJA;Barbacena (MG)
12/10/2023;1;14/09/2023;32;1;1000;VENDA LOJA;Barbacena (MG)
12/10/2023;20547008000180;21/09/2023;32;10;1000;UAITHAI TIRADENTES;Tiradentes (MG)
12/10/2023;22686599000100;05/09/2023;9;3;2130;PARAMO AGROINDUSTRIA E COMERCIO LTDA;Prados (MG)
12/10/2023;22686599000100;06/10/2023;16;28;7000;PARAMO AGROINDUSTRIA E COMERCIO LTDA;Prados (MG)
12/10/2023;22686599000100;10/10/2023;16;17;4250;PARAMO AGROINDUSTRIA E COMERCIO LTDA;Prados (MG)
12/10/2023;22686599000100;31/08/2023;16;5;1250;PARAMO AGROINDUSTRIA E COMERCIO LTDA;Prados (MG)
16/10/2023;37482518000119;26/09/2023;1;6;1360;EMPORIO FAZENDA LUA CHEIA;Sao Paulo (SP)
16/10/2023;37482518000119;21/09/2023;21;5;1430;EMPORIO FAZENDA LUA CHEIA;Sao Paulo (SP)
16/10/2023;37482518000119;11/09/2023;22;4;465;EMPORIO FAZENDA LUA CHEIA;Sao Paulo (SP)
17/10/2023;26594832000177;13/10/2023;32;3;3000;PIETRA SANTA PANI E PASTA LTDA  EPP;Belo Horizonte (MG)
23/10/2023;43760381000110;06/09/2023;9;3;2065;COISA MINEIRA EMPORIO CAFETERIA;Sao Luis (MA)
23/10/2023;43760381000110;18/09/2023;12;23;3174;COISA MINEIRA EMPORIO CAFETERIA;Sao Luis (MA)
23/10/2023;43760381000110;02/10/2023;12;7;966;COISA MINEIRA EMPORIO CAFETERIA;Sao Luis (MA)
23/10/2023;43760381000110;21/09/2023;21;8;2000;COISA MINEIRA EMPORIO CAFETERIA;Sao Luis (MA)
27/10/2023;40329989000104;20/10/2023;16;36;9000;LAJEDO;Rio de Janeiro (RJ)
27/10/2023;40329989000104;18/10/2023;16;36;9000;LAJEDO;Rio de Janeiro (RJ)
27/10/2023;40329989000104;24/10/2023;16;31;7750;LAJEDO;Rio de Janeiro (RJ)
27/10/2023;40329989000104;25/10/2023;16;16;4000;LAJEDO;Rio de Janeiro (RJ)
27/10/2023;40329989000104;19/10/2023;35;96;12700;LAJEDO;Rio de Janeiro (RJ)
27/10/2023;40329989000104;25/10/2023;35;41;2445;LAJEDO;Rio de Janeiro (RJ)
28/10/2023;1;04/09/2023;5;2;790;VENDA LOJA;Barbacena (MG)
28/10/2023;1;13/10/2023;32;3;3000;VENDA LOJA;Barbacena (MG)
28/10/2023;102;28/08/2023;4;13;5250;RIO DE JANEIRO;Rio de Janeiro (RJ)
28/10/2023;102;04/09/2023;4;5;1440;RIO DE JANEIRO;Rio de Janeiro (RJ)
28/10/2023;102;21/09/2023;21;4;2535;RIO DE JANEIRO;Rio de Janeiro (RJ)
28/10/2023;18960914000160;29/08/2023;1;12;2580;ROSELANCHE;Barbacena (MG)
28/10/2023;18960914000160;18/09/2023;4;12;130;ROSELANCHE;Barbacena (MG)
28/10/2023;18960914000160;09/09/2023;9;4;380;ROSELANCHE;Barbacena (MG)
28/10/2023;18960914000160;11/09/2023;22;16;1525;ROSELANCHE;Barbacena (MG)
28/10/2023;22686599000100;29/09/2023;1;20;4240;PARAMO AGROINDUSTRIA E COMERCIO LTDA;Prados (MG)
28/10/2023;22686599000100;03/10/2023;1;9;1600;PARAMO AGROINDUSTRIA E COMERCIO LTDA;Prados (MG)
28/10/2023;22686599000100;26/09/2023;1;1;300;PARAMO AGROINDUSTRIA E COMERCIO LTDA;Prados (MG)
28/10/2023;22686599000100;14/09/2023;4;20;3890;PARAMO AGROINDUSTRIA E COMERCIO LTDA;Prados (MG)
28/10/2023;22686599000100;18/09/2023;4;14;6075;PARAMO AGROINDUSTRIA E COMERCIO LTDA;Prados (MG)
28/10/2023;22686599000100;08/09/2023;9;4;2758;PARAMO AGROINDUSTRIA E COMERCIO LTDA;Prados (MG)
28/10/2023;22686599000100;07/09/2023;9;2;1600;PARAMO AGROINDUSTRIA E COMERCIO LTDA;Prados (MG)
28/10/2023;22686599000100;26/10/2023;16;34;8500;PARAMO AGROINDUSTRIA E COMERCIO LTDA;Prados (MG)
28/10/2023;22686599000100;27/10/2023;16;16;4000;PARAMO AGROINDUSTRIA E COMERCIO LTDA;Prados (MG)
29/10/2023;102;26/09/2023;1;10;2155;RIO DE JANEIRO;Rio de Janeiro (RJ)
29/10/2023;102;15/09/2023;1;1;260;RIO DE JANEIRO;Rio de Janeiro (RJ)
29/10/2023;102;16/09/2023;1;1;230;RIO DE JANEIRO;Rio de Janeiro (RJ)
29/10/2023;102;12/09/2023;1;1;260;RIO DE JANEIRO;Rio de Janeiro (RJ)
29/10/2023;102;23/09/2023;1;8;1915;RIO DE JANEIRO;Rio de Janeiro (RJ)
29/10/2023;102;27/10/2023;16;18;4500;RIO DE JANEIRO;Rio de Janeiro (RJ)
29/10/2023;102;01/09/2023;17;7;1680;RIO DE JANEIRO;Rio de Janeiro (RJ)
29/10/2023;102;22/09/2023;21;10;2465;RIO DE JANEIRO;Rio de Janeiro (RJ)
29/10/2023;102;23/08/2023;21;15;3375;RIO DE JANEIRO;Rio de Janeiro (RJ)
29/10/2023;102;11/09/2023;22;23;3545;RIO DE JANEIRO;Rio de Janeiro (RJ)
29/10/2023;102;20/10/2023;32;3;3000;RIO DE JANEIRO;Rio de Janeiro (RJ)
29/10/2023;102;16/10/2023;32;7;7000;RIO DE JANEIRO;Rio de Janeiro (RJ)
29/10/2023;102;27/10/2023;33;5;1250;RIO DE JANEIRO;Rio de Janeiro (RJ)
29/10/2023;102;25/10/2023;35;19;3580;RIO DE JANEIRO;Rio de Janeiro (RJ)
31/10/2023;37824580000141;26/08/2023;1;12;3870;MIO QUI TEM;Sao Paulo (SP)
31/10/2023;37824580000141;30/08/2023;1;1;280;MIO QUI TEM;Sao Paulo (SP)
31/10/2023;37824580000141;11/09/2023;1;1;280;MIO QUI TEM;Sao Paulo (SP)
31/10/2023;37824580000141;09/09/2023;9;3;2255;MIO QUI TEM;Sao Paulo (SP)
04/11/2023;1;25/09/2023;4;2;390;VENDA LOJA;Barbacena (MG)
04/11/2023;1;31/03/2023;9;1;335;VENDA LOJA;Barbacena (MG)
04/11/2023;1;11/09/2023;22;2;285;VENDA LOJA;Barbacena (MG)
04/11/2023;1;04/11/2023;33;3;445;VENDA LOJA;Barbacena (MG)
06/11/2023;26887853000180;04/10/2023;1;10;2060;BARU;Florianopolis (SC)
06/11/2023;26887853000180;31/08/2023;9;2;1280;BARU;Florianopolis (SC)
06/11/2023;26887853000180;31/10/2023;16;6;1500;BARU;Florianopolis (SC)
06/11/2023;26887853000180;11/09/2023;22;6;330;BARU;Florianopolis (SC)
06/11/2023;26887853000180;13/10/2023;22;4;590;BARU;Florianopolis (SC)
06/11/2023;37482518000119;03/10/2023;1;5;1385;EMPORIO FAZENDA LUA CHEIA;Sao Paulo (SP)
06/11/2023;37482518000119;31/08/2023;9;3;915;EMPORIO FAZENDA LUA CHEIA;Sao Paulo (SP)
06/11/2023;37482518000119;11/09/2023;22;10;1030;EMPORIO FAZENDA LUA CHEIA;Sao Paulo (SP)
07/11/2023;46898681000158;09/10/2023;32;6;6000;PATRIA COZINHA DO BRASIL LTDA;Belo Horizonte (MG)
07/11/2023;46898681000158;13/10/2023;32;2;2000;PATRIA COZINHA DO BRASIL LTDA;Belo Horizonte (MG)
07/11/2023;46898681000158;20/10/2023;32;1;1000;PATRIA COZINHA DO BRASIL LTDA;Belo Horizonte (MG)
14/11/2023;5446468000128;06/11/2023;32;3;3000;REX BIBENDI LTDA;Belo Horizonte (MG)
14/11/2023;5446468000128;30/10/2023;32;3;3000;REX BIBENDI LTDA;Belo Horizonte (MG)
22/11/2023;40329989000104;31/10/2023;16;28;7000;LAJEDO;Rio de Janeiro (RJ)
22/11/2023;40329989000104;03/11/2023;16;34;8500;LAJEDO;Rio de Janeiro (RJ)
22/11/2023;40329989000104;07/11/2023;16;34;8500;LAJEDO;Rio de Janeiro (RJ)
22/11/2023;40329989000104;17/11/2023;16;17;4250;LAJEDO;Rio de Janeiro (RJ)
22/11/2023;40329989000104;13/11/2023;35;95;14350;LAJEDO;Rio de Janeiro (RJ)
22/11/2023;40329989000104;14/11/2023;35;172;24150;LAJEDO;Rio de Janeiro (RJ)
22/11/2023;40329989000104;17/11/2023;35;75;11750;LAJEDO;Rio de Janeiro (RJ)
22/11/2023;40329989000104;08/11/2023;35;50;6350;LAJEDO;Rio de Janeiro (RJ)
22/11/2023;40329989000104;10/11/2023;35;80;9560;LAJEDO;Rio de Janeiro (RJ)
26/11/2023;1;22/11/2023;16;1;250;VENDA LOJA;Barbacena (MG)
26/11/2023;1;22/11/2023;32;1;1000;VENDA LOJA;Barbacena (MG)
29/11/2023;28526650000194;02/10/2023;4;5;1025;AOQUEIJO;Florianopolis (SC)
29/11/2023;28526650000194;16/10/2023;4;25;5265;AOQUEIJO;Florianopolis (SC)
29/11/2023;28526650000194;06/11/2023;22;8;980;AOQUEIJO;Florianopolis (SC)
30/11/2023;40329989000104;29/11/2023;35;100;11440;LAJEDO;Rio de Janeiro (RJ)
30/11/2023;40329989000104;23/11/2023;35;95;11840;LAJEDO;Rio de Janeiro (RJ)
30/11/2023;40329989000104;24/11/2023;35;85;10565;LAJEDO;Rio de Janeiro (RJ)
30/11/2023;40329989000104;27/11/2023;35;137;16740;LAJEDO;Rio de Janeiro (RJ)
30/11/2023;40329989000104;28/11/2023;35;90;11365;LAJEDO;Rio de Janeiro (RJ)
02/12/2023;1;22/11/2023;32;2;2000;VENDA LOJA;Barbacena (MG)
02/12/2023;20547008000180;08/11/2023;32;6;6000;UAITHAI TIRADENTES;Tiradentes (MG)
02/12/2023;20547008000180;10/11/2023;32;4;4000;UAITHAI TIRADENTES;Tiradentes (MG)
02/12/2023;22686599000100;31/10/2023;1;12;2920;PARAMO AGROINDUSTRIA E COMERCIO LTDA;Prados (MG)
02/12/2023;22686599000100;07/10/2023;1;2;530;PARAMO AGROINDUSTRIA E COMERCIO LTDA;Prados (MG)
02/12/2023;22686599000100;21/10/2023;1;1;260;PARAMO AGROINDUSTRIA E COMERCIO LTDA;Prados (MG)
02/12/2023;22686599000100;11/10/2023;1;1;280;PARAMO AGROINDUSTRIA E COMERCIO LTDA;Prados (MG)
02/12/2023;22686599000100;09/11/2023;1;4;1100;PARAMO AGROINDUSTRIA E COMERCIO LTDA;Prados (MG)
02/12/2023;22686599000100;02/10/2023;4;15;3115;PARAMO AGROINDUSTRIA E COMERCIO LTDA;Prados (MG)
02/12/2023;22686599000100;28/09/2023;4;10;1935;PARAMO AGROINDUSTRIA E COMERCIO LTDA;Prados (MG)
02/12/2023;22686599000100;08/09/2023;9;1;1090;PARAMO AGROINDUSTRIA E COMERCIO LTDA;Prados (MG)
02/12/2023;22686599000100;17/10/2023;9;2;2165;PARAMO AGROINDUSTRIA E COMERCIO LTDA;Prados (MG)
02/12/2023;22686599000100;11/09/2023;9;3;2415;PARAMO AGROINDUSTRIA E COMERCIO LTDA;Prados (MG)
02/12/2023;22686599000100;15/09/2023;9;2;1600;PARAMO AGROINDUSTRIA E COMERCIO LTDA;Prados (MG)
02/12/2023;22686599000100;12/09/2023;9;1;826;PARAMO AGROINDUSTRIA E COMERCIO LTDA;Prados (MG)
02/12/2023;22686599000100;22/11/2023;16;16;4000;PARAMO AGROINDUSTRIA E COMERCIO LTDA;Prados (MG)
05/12/2023;26594832000177;10/11/2023;32;4;4000;PIETRA SANTA PANI E PASTA LTDA  EPP;Belo Horizonte (MG)
09/12/2023;102;01/11/2023;1;21;4810;RIO DE JANEIRO;Rio de Janeiro (RJ)
09/12/2023;102;09/11/2023;1;5;1150;RIO DE JANEIRO;Rio de Janeiro (RJ)
09/12/2023;102;05/10/2023;1;5;1152;RIO DE JANEIRO;Rio de Janeiro (RJ)
09/12/2023;102;09/10/2023;4;24;4910;RIO DE JANEIRO;Rio de Janeiro (RJ)
09/12/2023;102;16/09/2023;9;7;5170;RIO DE JANEIRO;Rio de Janeiro (RJ)
09/12/2023;102;30/09/2023;9;6;4019;RIO DE JANEIRO;Rio de Janeiro (RJ)
09/12/2023;102;18/10/2022;10;1;3770;RIO DE JANEIRO;Rio de Janeiro (RJ)
09/12/2023;102;27/10/2023;21;9;2295;RIO DE JANEIRO;Rio de Janeiro (RJ)
09/12/2023;102;26/10/2023;21;10;2525;RIO DE JANEIRO;Rio de Janeiro (RJ)
09/12/2023;102;04/11/2023;21;23;5850;RIO DE JANEIRO;Rio de Janeiro (RJ)
09/12/2023;102;13/10/2023;22;10;1050;RIO DE JANEIRO;Rio de Janeiro (RJ)
09/12/2023;102;06/11/2023;22;22;2355;RIO DE JANEIRO;Rio de Janeiro (RJ)
09/12/2023;102;09/12/2023;31;4;4000;RIO DE JANEIRO;Rio de Janeiro (RJ)
13/12/2023;40329989000104;30/11/2023;35;85;10570;LAJEDO;Rio de Janeiro (RJ)
13/12/2023;40329989000104;01/12/2023;35;95;11435;LAJEDO;Rio de Janeiro (RJ)
13/12/2023;40329989000104;04/12/2023;35;164;18385;LAJEDO;Rio de Janeiro (RJ)
13/12/2023;40329989000104;05/12/2023;35;78;9910;LAJEDO;Rio de Janeiro (RJ)
13/12/2023;40329989000104;06/12/2023;35;163;18530;LAJEDO;Rio de Janeiro (RJ)
13/12/2023;40329989000104;07/12/2023;35;170;21268;LAJEDO;Rio de Janeiro (RJ)
13/12/2023;40329989000104;08/12/2023;35;75;9550;LAJEDO;Rio de Janeiro (RJ)
13/12/2023;42502561000139;30/10/2023;4;12;2745;A QUEIJARIA;Sao Joao Del Rei (MG)
13/12/2023;51275053000156;22/11/2023;32;3;3000;KOH RICARDO MARTINS LTDA;Tiradentes (MG)
21/12/2023;102;22/11/2023;32;1;1000;RIO DE JANEIRO;Rio de Janeiro (RJ)
21/12/2023;26594832000177;18/12/2023;32;4;4000;PIETRA SANTA PANI E PASTA LTDA  EPP;Belo Horizonte (MG)
28/12/2023;26594832000177;18/12/2023;32;2;1906;PIETRA SANTA PANI E PASTA LTDA  EPP;Belo Horizonte (MG)
28/12/2023;26594832000177;26/12/2023;32;2;2000;PIETRA SANTA PANI E PASTA LTDA  EPP;Belo Horizonte (MG)
05/01/2024;1;02/01/2024;34;2;800;VENDA LOJA;Barbacena (MG)
05/01/2024;11;02/01/2024;34;2;800;VENDA INTERNA;Barbacena (MG)
09/01/2024;18960914000160;25/11/2023;1;3;620;ROSELANCHE;Barbacena (MG)
09/01/2024;18960914000160;30/10/2023;4;12;2640;ROSELANCHE;Barbacena (MG)
09/01/2024;18960914000160;28/10/2023;9;3;2350;ROSELANCHE;Barbacena (MG)
09/01/2024;18960914000160;09/12/2023;21;8;2100;ROSELANCHE;Barbacena (MG)
10/01/2024;7633835000128;25/11/2023;1;15;3000;LA BICYCLETTE COMERCIO DE PAES ARTESANAIS LTDA;Rio de Janeiro (RJ)
10/01/2024;7633835000128;21/10/2023;9;3;1880;LA BICYCLETTE COMERCIO DE PAES ARTESANAIS LTDA;Rio de Janeiro (RJ)
10/01/2024;7633835000128;10/01/2024;12;10;2000;LA BICYCLETTE COMERCIO DE PAES ARTESANAIS LTDA;Rio de Janeiro (RJ)
11/01/2024;41797875000143;27/12/2023;32;3;3000;LEMO;Rio de Janeiro (RJ)
11/01/2024;41797875000143;26/12/2023;32;2;2000;LEMO;Rio de Janeiro (RJ)
12/01/2024;5446468000128;26/12/2023;32;5;5000;REX BIBENDI LTDA;Belo Horizonte (MG)
12/01/2024;5446468000128;08/01/2024;32;1;1000;REX BIBENDI LTDA;Belo Horizonte (MG)
15/01/2024;41265861000189;25/11/2023;1;5;1030;BOULANGERIE BICYCLETTE BARRA COMERCIO DE PAES ARTESANAIS LTDA;Rio de Janeiro (RJ)
15/01/2024;41265861000189;28/10/2023;9;3;1836;BOULANGERIE BICYCLETTE BARRA COMERCIO DE PAES ARTESANAIS LTDA;Rio de Janeiro (RJ)
15/01/2024;41265861000189;10/01/2024;12;10;2000;BOULANGERIE BICYCLETTE BARRA COMERCIO DE PAES ARTESANAIS LTDA;Rio de Janeiro (RJ)
15/01/2024;41265861000189;09/12/2023;21;8;2410;BOULANGERIE BICYCLETTE BARRA COMERCIO DE PAES ARTESANAIS LTDA;Rio de Janeiro (RJ)
24/01/2024;26594832000177;26/12/2023;32;5;5000;PIETRA SANTA PANI E PASTA LTDA  EPP;Belo Horizonte (MG)
06/02/2024;1;15/01/2024;34;1;377;VENDA LOJA;Barbacena (MG)
06/02/2024;103;22/01/2024;32;6;6000;TAPIOCA MARIA BONITA;Tiradentes (MG)
06/02/2024;11;15/01/2024;34;1;395;VENDA INTERNA;Barbacena (MG)
06/02/2024;42502561000139;08/01/2024;4;14;3342;A QUEIJARIA;Sao Joao Del Rei (MG)
06/02/2024;42502561000139;23/10/2023;4;1;184;A QUEIJARIA;Sao Joao Del Rei (MG)
06/02/2024;43760381000110;21/12/2023;9;3;2300;COISA MINEIRA EMPORIO CAFETERIA;Sao Luis (MA)
06/02/2024;43760381000110;30/01/2024;12;40;16000;COISA MINEIRA EMPORIO CAFETERIA;Sao Luis (MA)
06/02/2024;43760381000110;09/01/2024;21;7;2200;COISA MINEIRA EMPORIO CAFETERIA;Sao Luis (MA)
09/02/2024;18960914000160;10/01/2024;1;4;991;ROSELANCHE;Barbacena (MG)
09/02/2024;18960914000160;19/12/2023;1;8;2076;ROSELANCHE;Barbacena (MG)
09/02/2024;18960914000160;02/01/2024;4;5;1201;ROSELANCHE;Barbacena (MG)
09/02/2024;18960914000160;03/11/2023;4;3;735;ROSELANCHE;Barbacena (MG)
09/02/2024;18960914000160;21/12/2023;9;3;2147;ROSELANCHE;Barbacena (MG)
09/02/2024;18960914000160;24/01/2024;21;12;3998;ROSELANCHE;Barbacena (MG)
09/02/2024;22686599000100;20/12/2023;1;26;5820;PARAMO AGROINDUSTRIA E COMERCIO LTDA;Prados (MG)
09/02/2024;22686599000100;10/01/2024;1;1;246;PARAMO AGROINDUSTRIA E COMERCIO LTDA;Prados (MG)
09/02/2024;22686599000100;19/12/2023;1;8;1557;PARAMO AGROINDUSTRIA E COMERCIO LTDA;Prados (MG)
09/02/2024;22686599000100;03/11/2023;4;3;734;PARAMO AGROINDUSTRIA E COMERCIO LTDA;Prados (MG)
09/02/2024;22686599000100;13/01/2024;4;32;7951;PARAMO AGROINDUSTRIA E COMERCIO LTDA;Prados (MG)
09/02/2024;22686599000100;22/01/2024;16;15;4250;PARAMO AGROINDUSTRIA E COMERCIO LTDA;Prados (MG)
13/02/2024;102;10/01/2024;1;9;2292;RIO DE JANEIRO;Rio de Janeiro (RJ)
13/02/2024;102;06/01/2024;1;6;1311;RIO DE JANEIRO;Rio de Janeiro (RJ)
13/02/2024;102;23/10/2023;4;15;2987;RIO DE JANEIRO;Rio de Janeiro (RJ)
13/02/2024;102;15/09/2023;9;5;4000;RIO DE JANEIRO;Rio de Janeiro (RJ)
13/02/2024;102;06/02/2024;12;10;4000;RIO DE JANEIRO;Rio de Janeiro (RJ)
13/02/2024;102;06/02/2024;13;10;4000;RIO DE JANEIRO;Rio de Janeiro (RJ)
13/02/2024;102;16/01/2024;15;2;270;RIO DE JANEIRO;Rio de Janeiro (RJ)
13/02/2024;102;10/01/2024;15;6;530;RIO DE JANEIRO;Rio de Janeiro (RJ)
13/02/2024;102;05/02/2024;16;12;3000;RIO DE JANEIRO;Rio de Janeiro (RJ)
13/02/2024;102;16/01/2024;17;3;230;RIO DE JANEIRO;Rio de Janeiro (RJ)
13/02/2024;102;25/04/2022;20;10;2911;RIO DE JANEIRO;Rio de Janeiro (RJ)
13/02/2024;102;16/01/2024;21;12;2935;RIO DE JANEIRO;Rio de Janeiro (RJ)
13/02/2024;102;05/01/2024;22;20;2900;RIO DE JANEIRO;Rio de Janeiro (RJ)
13/02/2024;102;05/02/2024;32;4;4000;RIO DE JANEIRO;Rio de Janeiro (RJ)
13/02/2024;42425531000176;05/02/2024;32;2;2000;CAVI EMPORIO;Niteroi (RJ)
13/02/2024;42425531000176;29/01/2024;32;7;7000;CAVI EMPORIO;Niteroi (RJ)
13/02/2024;42425531000176;22/01/2024;32;6;6000;CAVI EMPORIO;Niteroi (RJ)
13/02/2024;7633835000128;09/01/2024;21;15;4826;LA BICYCLETTE COMERCIO DE PAES ARTESANAIS LTDA;Rio de Janeiro (RJ)
13/02/2024;7633835000128;05/01/2024;22;15;2129;LA BICYCLETTE COMERCIO DE PAES ARTESANAIS LTDA;Rio de Janeiro (RJ)
19/02/2024;26887853000180;19/12/2023;1;7;2427;BARU;Florianopolis (SC)
19/02/2024;26887853000180;10/01/2024;1;3;901;BARU;Florianopolis (SC)
19/02/2024;26887853000180;06/02/2024;12;2;800;BARU;Florianopolis (SC)
19/02/2024;26887853000180;06/02/2024;13;2;800;BARU;Florianopolis (SC)
19/02/2024;26887853000180;05/01/2024;22;20;2880;BARU;Florianopolis (SC)
27/02/2024;102;28/02/2024;16;2;500;RIO DE JANEIRO;Rio de Janeiro (RJ)
27/02/2024;102;11/03/2024;16;2;500;RIO DE JANEIRO;Rio de Janeiro (RJ)
27/02/2024;26594832000177;08/02/2024;32;4;4000;PIETRA SANTA PANI E PASTA LTDA  EPP;Belo Horizonte (MG)
02/03/2024;102;20/01/2024;1;20;3926;RIO DE JANEIRO;Rio de Janeiro (RJ)
02/03/2024;102;23/10/2023;4;5;1002;RIO DE JANEIRO;Rio de Janeiro (RJ)
02/03/2024;102;03/11/2023;4;15;4100;RIO DE JANEIRO;Rio de Janeiro (RJ)
02/03/2024;102;28/02/2024;16;6;1500;RIO DE JANEIRO;Rio de Janeiro (RJ)
02/03/2024;102;31/01/2024;21;12;3513;RIO DE JANEIRO;Rio de Janeiro (RJ)
02/03/2024;102;16/01/2024;21;7;1540;RIO DE JANEIRO;Rio de Janeiro (RJ)
02/03/2024;102;09/01/2024;21;1;295;RIO DE JANEIRO;Rio de Janeiro (RJ)
02/03/2024;102;05/01/2024;22;12;1459;RIO DE JANEIRO;Rio de Janeiro (RJ)
02/03/2024;102;05/02/2024;32;2;2000;RIO DE JANEIRO;Rio de Janeiro (RJ)
02/03/2024;102;14/02/2024;32;8;8000;RIO DE JANEIRO;Rio de Janeiro (RJ)
02/03/2024;40329989000104;02/01/2024;4;8;1795;LAJEDO;Rio de Janeiro (RJ)
02/03/2024;40329989000104;13/01/2024;5;9;3255;LAJEDO;Rio de Janeiro (RJ)
02/03/2024;40329989000104;03/01/2024;9;3;2150;LAJEDO;Rio de Janeiro (RJ)
02/03/2024;40329989000104;07/02/2024;21;7;2270;LAJEDO;Rio de Janeiro (RJ)
02/03/2024;40329989000104;08/02/2024;32;5;5000;LAJEDO;Rio de Janeiro (RJ)
02/03/2024;40329989000104;28/02/2024;35;104;9200;LAJEDO;Rio de Janeiro (RJ)
02/03/2024;40329989000104;29/02/2024;35;100;10750;LAJEDO;Rio de Janeiro (RJ)
02/03/2024;40329989000104;01/03/2024;35;100;10465;LAJEDO;Rio de Janeiro (RJ)
09/03/2024;1;09/12/2023;21;4;275;VENDA LOJA;Barbacena (MG)
09/03/2024;104;20/01/2024;1;2;375;DEMONSTRACAO;Barbacena (MG)
09/03/2024;104;19/02/2024;4;1;280;DEMONSTRACAO;Barbacena (MG)
09/03/2024;104;27/12/2023;4;2;585;DEMONSTRACAO;Barbacena (MG)
09/03/2024;104;02/01/2024;4;1;230;DEMONSTRACAO;Barbacena (MG)
09/03/2024;104;29/01/2024;4;1;315;DEMONSTRACAO;Barbacena (MG)
09/03/2024;104;13/01/2024;4;3;751;DEMONSTRACAO;Barbacena (MG)
09/03/2024;104;06/02/2024;12;2;800;DEMONSTRACAO;Barbacena (MG)
09/03/2024;104;10/01/2024;15;1;80;DEMONSTRACAO;Barbacena (MG)
09/03/2024;104;16/01/2024;15;1;150;DEMONSTRACAO;Barbacena (MG)
09/03/2024;104;09/01/2024;21;3;880;DEMONSTRACAO;Barbacena (MG)
09/03/2024;104;07/02/2024;21;2;592;DEMONSTRACAO;Barbacena (MG)
09/03/2024;104;09/12/2023;21;3;200;DEMONSTRACAO;Barbacena (MG)
09/03/2024;104;05/01/2024;22;6;890;DEMONSTRACAO;Barbacena (MG)
09/03/2024;104;02/02/2024;22;4;666;DEMONSTRACAO;Barbacena (MG)
12/03/2024;1;03/02/2024;1;10;2950;VENDA LOJA;Barbacena (MG)
12/03/2024;26594832000177;19/02/2024;32;4;4000;PIETRA SANTA PANI E PASTA LTDA  EPP;Belo Horizonte (MG)
13/03/2024;104;19/02/2024;4;2;500;DEMONSTRACAO;Barbacena (MG)
14/03/2024;18960914000160;25/01/2024;1;12;3050;ROSELANCHE;Barbacena (MG)
14/03/2024;18960914000160;05/02/2024;4;12;3280;ROSELANCHE;Barbacena (MG)
14/03/2024;18960914000160;07/02/2024;21;12;4290;ROSELANCHE;Barbacena (MG)
14/03/2024;18960914000160;05/01/2024;22;12;1490;ROSELANCHE;Barbacena (MG)
14/03/2024;3447242002917;11/03/2024;32;2;4000;ESCOLA GASTRONOMICA SENAC TIRADENTES;Tiradentes (MG)
15/03/2024;103;05/02/2024;4;4;1056;TAPIOCA MARIA BONITA;Tiradentes (MG)
15/03/2024;103;13/03/2024;16;1;250;TAPIOCA MARIA BONITA;Tiradentes (MG)
15/03/2024;103;04/03/2024;32;3;3000;TAPIOCA MARIA BONITA;Tiradentes (MG)
15/03/2024;18960914000160;03/02/2024;1;3;762;ROSELANCHE;Barbacena (MG)
15/03/2024;18960914000160;05/02/2024;4;4;1054;ROSELANCHE;Barbacena (MG)
15/03/2024;18960914000160;03/01/2024;9;3;2235;ROSELANCHE;Barbacena (MG)
15/03/2024;18960914000160;31/01/2024;21;1;268;ROSELANCHE;Barbacena (MG)
15/03/2024;18960914000160;05/01/2024;22;1;116;ROSELANCHE;Barbacena (MG)
15/03/2024;20547008000180;11/03/2024;32;5;5000;UAITHAI TIRADENTES;Tiradentes (MG)
15/03/2024;22686599000100;12/03/2024;16;10;2500;PARAMO AGROINDUSTRIA E COMERCIO LTDA;Prados (MG)
15/03/2024;22686599000100;14/03/2024;16;10;2500;PARAMO AGROINDUSTRIA E COMERCIO LTDA;Prados (MG)
19/03/2024;104;26/01/2024;1;2;500;DEMONSTRACAO;Barbacena (MG)
19/03/2024;104;26/02/2024;15;4;668;DEMONSTRACAO;Barbacena (MG)
19/03/2024;104;20/02/2024;15;6;800;DEMONSTRACAO;Barbacena (MG)
19/03/2024;104;19/03/2024;16;1;250;DEMONSTRACAO;Barbacena (MG)
19/03/2024;104;12/02/2024;22;2;360;DEMONSTRACAO;Barbacena (MG)
19/03/2024;37824580000141;03/02/2024;1;4;1184;MIO QUI TEM;Sao Paulo (SP)
19/03/2024;37824580000141;17/02/2024;1;6;1828;MIO QUI TEM;Sao Paulo (SP)
19/03/2024;37824580000141;10/02/2024;1;6;1730;MIO QUI TEM;Sao Paulo (SP)
19/03/2024;37824580000141;29/01/2024;4;2;532;MIO QUI TEM;Sao Paulo (SP)
19/03/2024;37824580000141;15/02/2024;9;2;1180;MIO QUI TEM;Sao Paulo (SP)
22/03/2024;1;19/03/2024;16;2;500;VENDA LOJA;Barbacena (MG)
22/03/2024;1;12/02/2024;22;1;120;VENDA LOJA;Barbacena (MG)
22/03/2024;1;22/03/2024;30;2;400;VENDA LOJA;Barbacena (MG)
26/03/2024;104;11/03/2024;12;4;1600;DEMONSTRACAO;Barbacena (MG)
27/03/2024;1;15/02/2024;9;1;1000;VENDA LOJA;Barbacena (MG)
27/03/2024;1;20/02/2024;15;1;180;VENDA LOJA;Barbacena (MG)
27/03/2024;102;26/01/2024;1;9;1940;RIO DE JANEIRO;Rio de Janeiro (RJ)
27/03/2024;102;03/02/2024;1;3;680;RIO DE JANEIRO;Rio de Janeiro (RJ)
27/03/2024;102;09/02/2024;1;18;4590;RIO DE JANEIRO;Rio de Janeiro (RJ)
27/03/2024;102;19/02/2024;4;24;6630;RIO DE JANEIRO;Rio de Janeiro (RJ)
27/03/2024;102;29/01/2024;4;6;1564;RIO DE JANEIRO;Rio de Janeiro (RJ)
27/03/2024;102;12/01/2023;9;3;1990;RIO DE JANEIRO;Rio de Janeiro (RJ)
27/03/2024;102;20/03/2024;12;9;3600;RIO DE JANEIRO;Rio de Janeiro (RJ)
27/03/2024;102;11/03/2024;12;6;2400;RIO DE JANEIRO;Rio de Janeiro (RJ)
27/03/2024;102;22/03/2024;13;5;2000;RIO DE JANEIRO;Rio de Janeiro (RJ)
27/03/2024;102;11/03/2024;13;10;4000;RIO DE JANEIRO;Rio de Janeiro (RJ)
27/03/2024;102;11/03/2024;15;6;1112;RIO DE JANEIRO;Rio de Janeiro (RJ)
27/03/2024;102;26/02/2024;16;11;2740;RIO DE JANEIRO;Rio de Janeiro (RJ)
27/03/2024;102;06/03/2024;16;8;2000;RIO DE JANEIRO;Rio de Janeiro (RJ)
27/03/2024;102;21/03/2024;16;1;250;RIO DE JANEIRO;Rio de Janeiro (RJ)
27/03/2024;102;13/03/2024;16;1;250;RIO DE JANEIRO;Rio de Janeiro (RJ)
27/03/2024;102;25/04/2022;20;10;2720;RIO DE JANEIRO;Rio de Janeiro (RJ)
27/03/2024;102;16/02/2024;21;25;6695;RIO DE JANEIRO;Rio de Janeiro (RJ)
27/03/2024;102;05/01/2024;22;14;1480;RIO DE JANEIRO;Rio de Janeiro (RJ)
27/03/2024;102;02/02/2024;22;26;3804;RIO DE JANEIRO;Rio de Janeiro (RJ)
27/03/2024;102;25/03/2024;30;25;5000;RIO DE JANEIRO;Rio de Janeiro (RJ)
27/03/2024;102;18/03/2024;32;1;1000;RIO DE JANEIRO;Rio de Janeiro (RJ)
27/03/2024;102;20/03/2024;32;1;1000;RIO DE JANEIRO;Rio de Janeiro (RJ)
27/03/2024;102;25/03/2024;33;6;1402;RIO DE JANEIRO;Rio de Janeiro (RJ)
27/03/2024;102;25/03/2024;34;1;438;RIO DE JANEIRO;Rio de Janeiro (RJ)
27/03/2024;26410465000104;26/01/2024;1;6;1340;LE DEPANNEUR LEBLON;Rio de Janeiro (RJ)
27/03/2024;26410465000104;14/02/2024;4;4;1166;LE DEPANNEUR LEBLON;Rio de Janeiro (RJ)
27/03/2024;26410465000104;29/01/2024;4;2;576;LE DEPANNEUR LEBLON;Rio de Janeiro (RJ)
27/03/2024;26410465000104;30/01/2024;9;1;1100;LE DEPANNEUR LEBLON;Rio de Janeiro (RJ)
27/03/2024;26410465000104;20/03/2024;12;10;4000;LE DEPANNEUR LEBLON;Rio de Janeiro (RJ)
27/03/2024;26410465000104;12/02/2024;22;6;1100;LE DEPANNEUR LEBLON;Rio de Janeiro (RJ)
27/03/2024;26594832000177;11/03/2024;32;1;1000;PIETRA SANTA PANI E PASTA LTDA  EPP;Belo Horizonte (MG)
27/03/2024;26594832000177;18/03/2024;32;1;1000;PIETRA SANTA PANI E PASTA LTDA  EPP;Belo Horizonte (MG)
27/03/2024;26594832000177;20/03/2024;32;2;2000;PIETRA SANTA PANI E PASTA LTDA  EPP;Belo Horizonte (MG)
27/03/2024;41265861000189;22/03/2024;12;5;2000;BOULANGERIE BICYCLETTE BARRA COMERCIO DE PAES ARTESANAIS LTDA;Rio de Janeiro (RJ)
27/03/2024;41265861000189;21/03/2024;12;5;2000;BOULANGERIE BICYCLETTE BARRA COMERCIO DE PAES ARTESANAIS LTDA;Rio de Janeiro (RJ)
27/03/2024;41265861000189;12/02/2024;22;10;1842;BOULANGERIE BICYCLETTE BARRA COMERCIO DE PAES ARTESANAIS LTDA;Rio de Janeiro (RJ)
27/03/2024;41797875000143;20/03/2024;32;3;3000;LEMO;Rio de Janeiro (RJ)
27/03/2024;7633835000128;21/03/2024;12;10;4000;LA BICYCLETTE COMERCIO DE PAES ARTESANAIS LTDA;Rio de Janeiro (RJ)
27/03/2024;7633835000128;12/02/2024;22;10;1796;LA BICYCLETTE COMERCIO DE PAES ARTESANAIS LTDA;Rio de Janeiro (RJ)
28/03/2024;1;15/02/2024;9;1;500;VENDA LOJA;Barbacena (MG)
28/03/2024;1;26/02/2024;15;2;210;VENDA LOJA;Barbacena (MG)
28/03/2024;1;21/03/2024;16;1;250;VENDA LOJA;Barbacena (MG)
28/03/2024;1;02/02/2024;22;1;110;VENDA LOJA;Barbacena (MG)
05/04/2024;104;05/04/2024;34;3;1820;DEMONSTRACAO;Barbacena (MG)
09/04/2024;26594832000177;25/03/2024;32;5;5000;PIETRA SANTA PANI E PASTA LTDA  EPP;Belo Horizonte (MG)
09/04/2024;3447242000892;05/04/2024;34;5;2870;ESCOLA GASTRONOMICA SENAC BARBACENA;Barbacena (MG)
10/04/2024;101;09/03/2024;1;10;3100;OUTROS;Barbacena (MG)
10/04/2024;101;21/02/2024;1;2;410;OUTROS;Barbacena (MG)
10/04/2024;101;02/03/2024;1;6;1634;OUTROS;Barbacena (MG)
10/04/2024;101;06/02/2024;1;17;4328;OUTROS;Barbacena (MG)
10/04/2024;101;27/01/2024;1;6;1472;OUTROS;Barbacena (MG)
10/04/2024;101;04/03/2024;4;10;3360;OUTROS;Barbacena (MG)
10/04/2024;101;11/03/2024;4;8;2330;OUTROS;Barbacena (MG)
10/04/2024;101;18/03/2024;4;5;1474;OUTROS;Barbacena (MG)
10/04/2024;101;05/03/2024;9;0;0;OUTROS;Barbacena (MG)
10/04/2024;101;27/02/2024;9;3;3090;OUTROS;Barbacena (MG)
10/04/2024;101;30/01/2024;9;3;2400;OUTROS;Barbacena (MG)
10/04/2024;101;23/01/2024;9;4;2852;OUTROS;Barbacena (MG)
10/04/2024;101;12/03/2024;9;0;0;OUTROS;Barbacena (MG)
10/04/2024;101;06/01/2024;10;1;3230;OUTROS;Barbacena (MG)
10/04/2024;101;04/04/2024;12;32;12800;OUTROS;Barbacena (MG)
10/04/2024;101;04/04/2024;13;30;12000;OUTROS;Barbacena (MG)
10/04/2024;101;25/03/2024;15;10;1700;OUTROS;Barbacena (MG)
10/04/2024;101;18/03/2024;15;6;1070;OUTROS;Barbacena (MG)
10/04/2024;101;20/03/2024;16;10;2500;OUTROS;Barbacena (MG)
10/04/2024;101;21/03/2024;16;8;2000;OUTROS;Barbacena (MG)
10/04/2024;101;19/03/2024;16;7;1750;OUTROS;Barbacena (MG)
10/04/2024;101;02/04/2024;16;15;3750;OUTROS;Barbacena (MG)
10/04/2024;101;03/04/2024;16;15;3750;OUTROS;Barbacena (MG)
10/04/2024;101;18/03/2024;17;6;832;OUTROS;Barbacena (MG)
10/04/2024;101;25/03/2024;17;19;2500;OUTROS;Barbacena (MG)
10/04/2024;101;04/01/2023;18;4;4208;OUTROS;Barbacena (MG)
10/04/2024;101;14/03/2024;21;13;3910;OUTROS;Barbacena (MG)
10/04/2024;101;06/03/2024;21;17;5006;OUTROS;Barbacena (MG)
10/04/2024;101;08/03/2024;22;70;12104;OUTROS;Barbacena (MG)
10/04/2024;101;25/03/2024;38;17;2515;OUTROS;Barbacena (MG)
10/04/2024;101;11/03/2024;39;6;1100;OUTROS;Barbacena (MG)
10/04/2024;101;18/03/2024;39;6;998;OUTROS;Barbacena (MG)
10/04/2024;101;27/03/2024;39;8;1216;OUTROS;Barbacena (MG)
10/04/2024;101;25/03/2024;39;9;1270;OUTROS;Barbacena (MG)
10/04/2024;104;08/04/2024;16;1;250;DEMONSTRACAO;Barbacena (MG)
10/04/2024;104;05/04/2024;16;1;250;DEMONSTRACAO;Barbacena (MG)
10/04/2024;104;09/04/2024;21;2;540;DEMONSTRACAO;Barbacena (MG)
10/04/2024;40329989000104;21/02/2024;1;7;2014;LAJEDO;Rio de Janeiro (RJ)
10/04/2024;40329989000104;18/03/2024;4;7;2162;LAJEDO;Rio de Janeiro (RJ)
10/04/2024;40329989000104;27/02/2024;9;2;1946;LAJEDO;Rio de Janeiro (RJ)
10/04/2024;40329989000104;14/03/2024;21;7;2148;LAJEDO;Rio de Janeiro (RJ)
10/04/2024;40329989000104;08/04/2024;35;20;11800;LAJEDO;Rio de Janeiro (RJ)
18/04/2024;22686599000100;21/02/2024;1;8;1990;PARAMO AGROINDUSTRIA E COMERCIO LTDA;Prados (MG)
18/04/2024;22686599000100;02/03/2024;1;12;3360;PARAMO AGROINDUSTRIA E COMERCIO LTDA;Prados (MG)
18/04/2024;22686599000100;01/04/2024;4;5;1460;PARAMO AGROINDUSTRIA E COMERCIO LTDA;Prados (MG)
18/04/2024;22686599000100;05/03/2024;9;6;4160;PARAMO AGROINDUSTRIA E COMERCIO LTDA;Prados (MG)
18/04/2024;22686599000100;12/03/2024;9;1;330;PARAMO AGROINDUSTRIA E COMERCIO LTDA;Prados (MG)
18/04/2024;22686599000100;05/04/2024;16;14;3500;PARAMO AGROINDUSTRIA E COMERCIO LTDA;Prados (MG)
18/04/2024;22686599000100;10/04/2024;16;14;3500;PARAMO AGROINDUSTRIA E COMERCIO LTDA;Prados (MG)
18/04/2024;22686599000100;09/04/2024;16;15;3750;PARAMO AGROINDUSTRIA E COMERCIO LTDA;Prados (MG)
18/04/2024;22686599000100;08/04/2024;16;14;3500;PARAMO AGROINDUSTRIA E COMERCIO LTDA;Prados (MG)
18/04/2024;22686599000100;12/04/2024;16;16;4000;PARAMO AGROINDUSTRIA E COMERCIO LTDA;Prados (MG)
18/04/2024;22686599000100;15/04/2024;16;16;4000;PARAMO AGROINDUSTRIA E COMERCIO LTDA;Prados (MG)
18/04/2024;22686599000100;16/04/2024;16;7;1750;PARAMO AGROINDUSTRIA E COMERCIO LTDA;Prados (MG)
19/04/2024;1;06/02/2024;1;1;250;VENDA LOJA;Barbacena (MG)
19/04/2024;1;04/02/2023;10;1;270;VENDA LOJA;Barbacena (MG)
19/04/2024;1;16/04/2024;16;2;500;VENDA LOJA;Barbacena (MG)
19/04/2024;1;04/01/2023;18;1;240;VENDA LOJA;Barbacena (MG)
19/04/2024;1;08/03/2024;22;2;320;VENDA LOJA;Barbacena (MG)
19/04/2024;28526650000194;01/04/2024;4;12;3802;AOQUEIJO;Florianopolis (SC)
19/04/2024;28526650000194;04/03/2024;4;9;3000;AOQUEIJO;Florianopolis (SC)
19/04/2024;28526650000194;18/03/2024;4;2;596;AOQUEIJO;Florianopolis (SC)
19/04/2024;28526650000194;11/03/2024;4;7;2000;AOQUEIJO;Florianopolis (SC)
19/04/2024;28526650000194;12/03/2024;9;5;3860;AOQUEIJO;Florianopolis (SC)
20/04/2024;1;04/02/2023;10;1;512;VENDA LOJA;Barbacena (MG)
20/04/2024;1;04/01/2023;18;2;498;VENDA LOJA;Barbacena (MG)
20/04/2024;1;19/03/2024;21;1;340;VENDA LOJA;Barbacena (MG)
20/04/2024;102;28/02/2024;16;2;500;RIO DE JANEIRO;Rio de Janeiro (RJ)
20/04/2024;102;11/03/2024;16;6;1500;RIO DE JANEIRO;Rio de Janeiro (RJ)
20/04/2024;102;13/03/2024;16;6;1500;RIO DE JANEIRO;Rio de Janeiro (RJ)
20/04/2024;102;19/03/2024;21;10;3370;RIO DE JANEIRO;Rio de Janeiro (RJ)
20/04/2024;102;23/02/2024;22;27;4160;RIO DE JANEIRO;Rio de Janeiro (RJ)
20/04/2024;102;17/04/2024;32;4;4000;RIO DE JANEIRO;Rio de Janeiro (RJ)
22/04/2024;1;20/03/2024;12;1;400;VENDA LOJA;Barbacena (MG)
22/04/2024;1;16/04/2024;16;1;250;VENDA LOJA;Barbacena (MG)
22/04/2024;1;23/02/2024;22;2;320;VENDA LOJA;Barbacena (MG)
22/04/2024;1;02/04/2024;38;1;180;VENDA LOJA;Barbacena (MG)
22/04/2024;104;16/04/2024;16;1;250;DEMONSTRACAO;Barbacena (MG)
22/04/2024;104;02/04/2024;38;1;190;DEMONSTRACAO;Barbacena (MG)
24/04/2024;1;19/08/2023;11;1;1800;VENDA LOJA;Barbacena (MG)
24/04/2024;1;16/04/2024;16;6;1500;VENDA LOJA;Barbacena (MG)
24/04/2024;1;04/01/2023;18;1;1000;VENDA LOJA;Barbacena (MG)
27/04/2024;104;28/03/2024;1;2;250;DEMONSTRACAO;Barbacena (MG)
27/04/2024;104;12/04/2024;4;1;287;DEMONSTRACAO;Barbacena (MG)
27/04/2024;104;30/01/2024;9;1;386;DEMONSTRACAO;Barbacena (MG)
27/04/2024;104;17/06/2023;10;1;206;DEMONSTRACAO;Barbacena (MG)
27/04/2024;104;20/03/2024;12;1;400;DEMONSTRACAO;Barbacena (MG)
27/04/2024;104;26/04/2024;16;2;500;DEMONSTRACAO;Barbacena (MG)
27/04/2024;104;02/04/2024;21;2;566;DEMONSTRACAO;Barbacena (MG)
27/04/2024;104;23/02/2024;22;1;185;DEMONSTRACAO;Barbacena (MG)
02/05/2024;1;23/01/2024;9;2;660;VENDA LOJA;Barbacena (MG)
02/05/2024;1;02/01/2023;18;2;570;VENDA LOJA;Barbacena (MG)
03/05/2024;1;30/01/2024;9;1;360;VENDA LOJA;Barbacena (MG)
05/05/2024;101;16/03/2024;1;5;1290;OUTROS;Barbacena (MG)
05/05/2024;101;23/03/2024;1;5;1285;OUTROS;Barbacena (MG)
05/05/2024;101;12/04/2024;4;5;1450;OUTROS;Barbacena (MG)
05/05/2024;101;02/05/2024;12;8;3200;OUTROS;Barbacena (MG)
05/05/2024;101;20/03/2024;12;3;1200;OUTROS;Barbacena (MG)
05/05/2024;101;02/05/2024;13;8;3200;OUTROS;Barbacena (MG)
05/05/2024;101;29/04/2024;16;15;3750;OUTROS;Barbacena (MG)
05/05/2024;101;26/04/2024;16;13;3250;OUTROS;Barbacena (MG)
05/05/2024;101;02/01/2023;18;2;1996;OUTROS;Barbacena (MG)
05/05/2024;101;21/03/2024;21;14;4350;OUTROS;Barbacena (MG)
05/05/2024;101;02/04/2024;21;11;3148;OUTROS;Barbacena (MG)
05/05/2024;101;09/04/2024;21;4;1060;OUTROS;Barbacena (MG)
05/05/2024;101;23/02/2024;22;12;1860;OUTROS;Barbacena (MG)
05/05/2024;101;17/04/2024;39;8;1190;OUTROS;Barbacena (MG)
05/05/2024;101;23/04/2024;39;8;1540;OUTROS;Barbacena (MG)
06/05/2024;59350116000101;29/03/2024;9;6;5100;CASA SANTA LUZIA IMPORT LTDA;S?o Paulo (SP)
06/05/2024;59350116000101;06/04/2024;9;6;4690;CASA SANTA LUZIA IMPORT LTDA;S?o Paulo (SP)
06/05/2024;59350116000101;13/04/2024;9;1;600;CASA SANTA LUZIA IMPORT LTDA;S?o Paulo (SP)
06/05/2024;59350116000101;26/03/2024;21;18;4670;CASA SANTA LUZIA IMPORT LTDA;S?o Paulo (SP)
06/05/2024;59350116000101;09/04/2024;21;5;1550;CASA SANTA LUZIA IMPORT LTDA;S?o Paulo (SP)
06/05/2024;59350116000101;22/04/2024;22;25;4380;CASA SANTA LUZIA IMPORT LTDA;S?o Paulo (SP)
06/05/2024;59350116000101;23/04/2024;22;14;1852;CASA SANTA LUZIA IMPORT LTDA;S?o Paulo (SP)
08/05/2024;18960914000160;16/03/2024;1;10;2490;ROSELANCHE;Barbacena (MG)
08/05/2024;18960914000160;23/03/2024;1;2;510;ROSELANCHE;Barbacena (MG)
08/05/2024;18960914000160;12/04/2024;4;12;3430;ROSELANCHE;Barbacena (MG)
08/05/2024;18960914000160;13/04/2024;9;3;2160;ROSELANCHE;Barbacena (MG)
08/05/2024;18960914000160;07/05/2024;12;6;2400;ROSELANCHE;Barbacena (MG)
08/05/2024;18960914000160;15/04/2024;21;8;2100;ROSELANCHE;Barbacena (MG)
08/05/2024;18960914000160;16/04/2024;21;4;1138;ROSELANCHE;Barbacena (MG)
10/05/2024;1;02/04/2024;21;1;280;VENDA LOJA;Barbacena (MG)
10/05/2024;103;12/04/2024;4;4;1140;TAPIOCA MARIA BONITA;Tiradentes (MG)
10/05/2024;103;18/03/2024;32;2;1972;TAPIOCA MARIA BONITA;Tiradentes (MG)
10/05/2024;104;12/04/2024;4;1;250;DEMONSTRACAO;Barbacena (MG)
10/05/2024;104;06/05/2024;16;2;500;DEMONSTRACAO;Barbacena (MG)
10/05/2024;20547008000180;15/04/2024;32;5;5000;UAITHAI TIRADENTES;Tiradentes (MG)
11/05/2024;1;12/04/2024;4;2;500;VENDA LOJA;Barbacena (MG)
11/05/2024;1;13/04/2024;9;1;358;VENDA LOJA;Barbacena (MG)
11/05/2024;1;30/01/2024;9;1;4;VENDA LOJA;Barbacena (MG)
11/05/2024;1;08/05/2024;12;3;1200;VENDA LOJA;Barbacena (MG)
11/05/2024;1;29/04/2024;16;2;500;VENDA LOJA;Barbacena (MG)
11/05/2024;1;06/05/2024;16;3;750;VENDA LOJA;Barbacena (MG)
11/05/2024;1;26/04/2021;18;1;250;VENDA LOJA;Barbacena (MG)
11/05/2024;1;09/04/2024;21;1;250;VENDA LOJA;Barbacena (MG)
11/05/2024;1;18/04/2024;21;5;1250;VENDA LOJA;Barbacena (MG)
11/05/2024;1;23/02/2024;22;1;180;VENDA LOJA;Barbacena (MG)
11/05/2024;1;10/05/2024;30;1;200;VENDA LOJA;Barbacena (MG)
11/05/2024;1;10/05/2024;33;2;500;VENDA LOJA;Barbacena (MG)
11/05/2024;104;19/04/2024;1;1;262;DEMONSTRACAO;Barbacena (MG)
11/05/2024;104;12/04/2024;4;1;250;DEMONSTRACAO;Barbacena (MG)
11/05/2024;104;20/04/2024;9;1;400;DEMONSTRACAO;Barbacena (MG)
11/05/2024;104;08/05/2024;12;1;400;DEMONSTRACAO;Barbacena (MG)
11/05/2024;104;20/08/2021;18;1;250;DEMONSTRACAO;Barbacena (MG)
11/05/2024;104;19/03/2024;21;2;496;DEMONSTRACAO;Barbacena (MG)
11/05/2024;104;16/04/2024;21;1;240;DEMONSTRACAO;Barbacena (MG)
11/05/2024;104;10/05/2024;34;1;500;DEMONSTRACAO;Barbacena (MG)
12/05/2024;102;06/05/2024;16;11;2750;RIO DE JANEIRO;Rio de Janeiro (RJ)
12/05/2024;102;26/04/2024;16;1;250;RIO DE JANEIRO;Rio de Janeiro (RJ)
12/05/2024;102;09/04/2024;21;3;580;RIO DE JANEIRO;Rio de Janeiro (RJ)
12/05/2024;102;16/02/2024;21;1;258;RIO DE JANEIRO;Rio de Janeiro (RJ)
12/05/2024;102;10/05/2024;30;9;1800;RIO DE JANEIRO;Rio de Janeiro (RJ)
12/05/2024;102;10/04/2024;32;4;4000;RIO DE JANEIRO;Rio de Janeiro (RJ)
12/05/2024;102;10/05/2024;33;4;500;RIO DE JANEIRO;Rio de Janeiro (RJ)
12/05/2024;102;10/05/2024;34;7;3400;RIO DE JANEIRO;Rio de Janeiro (RJ)
12/05/2024;104;16/04/2024;21;2;900;DEMONSTRACAO;Barbacena (MG)
12/05/2024;41265861000189;22/03/2024;1;5;1254;BOULANGERIE BICYCLETTE BARRA COMERCIO DE PAES ARTESANAIS LTDA;Rio de Janeiro (RJ)
12/05/2024;41265861000189;20/04/2024;9;2;1670;BOULANGERIE BICYCLETTE BARRA COMERCIO DE PAES ARTESANAIS LTDA;Rio de Janeiro (RJ)
12/05/2024;41265861000189;08/05/2024;12;10;4000;BOULANGERIE BICYCLETTE BARRA COMERCIO DE PAES ARTESANAIS LTDA;Rio de Janeiro (RJ)
12/05/2024;41265861000189;18/04/2024;21;5;1158;BOULANGERIE BICYCLETTE BARRA COMERCIO DE PAES ARTESANAIS LTDA;Rio de Janeiro (RJ)
12/05/2024;41797875000143;27/03/2024;32;3;2600;LEMO;Rio de Janeiro (RJ)
12/05/2024;42425531000176;03/04/2024;32;7;7000;CAVI EMPORIO;Niteroi (RJ)
12/05/2024;42425531000176;17/04/2024;32;1;1000;CAVI EMPORIO;Niteroi (RJ)
12/05/2024;42425531000176;15/04/2024;32;1;1000;CAVI EMPORIO;Niteroi (RJ)
12/05/2024;42425531000176;09/05/2024;32;2;2000;CAVI EMPORIO;Niteroi (RJ)
15/05/2024;26594832000177;09/05/2024;32;5;5000;PIETRA SANTA PANI E PASTA LTDA  EPP;Belo Horizonte (MG)
21/05/2024;29749971000110;28/03/2024;1;13;3554;CAVE QUEIJOS BRASILEIROS;Salvador (BA)
21/05/2024;29749971000110;23/03/2024;1;3;864;CAVE QUEIJOS BRASILEIROS;Salvador (BA)
21/05/2024;29749971000110;04/05/2024;9;3;2022;CAVE QUEIJOS BRASILEIROS;Salvador (BA)
21/05/2024;29749971000110;18/11/2023;11;1;1892;CAVE QUEIJOS BRASILEIROS;Salvador (BA)
23/05/2024;102;22/05/2024;12;9;3600;RIO DE JANEIRO;Rio de Janeiro (RJ)
23/05/2024;102;22/05/2024;13;10;4000;RIO DE JANEIRO;Rio de Janeiro (RJ)
23/05/2024;102;23/02/2024;22;15;2334;RIO DE JANEIRO;Rio de Janeiro (RJ)
23/05/2024;102;09/05/2024;39;8;1452;RIO DE JANEIRO;Rio de Janeiro (RJ)
23/05/2024;104;28/03/2024;1;1;270;DEMONSTRACAO;Barbacena (MG)
23/05/2024;104;12/04/2024;4;1;303;DEMONSTRACAO;Barbacena (MG)
23/05/2024;104;27/04/2024;9;1;380;DEMONSTRACAO;Barbacena (MG)
23/05/2024;104;25/01/2024;11;1;166;DEMONSTRACAO;Barbacena (MG)
23/05/2024;104;22/05/2024;12;1;400;DEMONSTRACAO;Barbacena (MG)
23/05/2024;104;02/01/2023;18;1;260;DEMONSTRACAO;Barbacena (MG)
23/05/2024;104;18/04/2024;21;2;350;DEMONSTRACAO;Barbacena (MG)
23/05/2024;104;06/05/2024;22;1;140;DEMONSTRACAO;Barbacena (MG)
23/05/2024;104;06/05/2024;39;1;160;DEMONSTRACAO;Barbacena (MG)
23/05/2024;40329989000104;14/02/2024;4;21;6500;LAJEDO;Rio de Janeiro (RJ)
23/05/2024;40329989000104;29/01/2024;4;14;4000;LAJEDO;Rio de Janeiro (RJ)
23/05/2024;40329989000104;05/04/2024;4;14;4266;LAJEDO;Rio de Janeiro (RJ)
23/05/2024;40329989000104;30/04/2024;9;4;3134;LAJEDO;Rio de Janeiro (RJ)
23/05/2024;40329989000104;27/04/2024;9;1;752;LAJEDO;Rio de Janeiro (RJ)
23/05/2024;40329989000104;08/04/2023;10;1;3270;LAJEDO;Rio de Janeiro (RJ)
23/05/2024;40329989000104;24/04/2024;21;14;3178;LAJEDO;Rio de Janeiro (RJ)
23/05/2024;40329989000104;16/04/2024;21;4;934;LAJEDO;Rio de Janeiro (RJ)
23/05/2024;40329989000104;14/05/2024;35;24;4024;LAJEDO;Rio de Janeiro (RJ)
23/05/2024;40329989000104;15/05/2024;35;24;4268;LAJEDO;Rio de Janeiro (RJ)
23/05/2024;40329989000104;16/05/2024;35;21;4096;LAJEDO;Rio de Janeiro (RJ)
23/05/2024;40329989000104;17/05/2024;35;21;4014;LAJEDO;Rio de Janeiro (RJ)
23/05/2024;40329989000104;20/05/2024;35;33;6794;LAJEDO;Rio de Janeiro (RJ)
23/05/2024;40329989000104;21/05/2024;35;20;3816;LAJEDO;Rio de Janeiro (RJ)
23/05/2024;40329989000104;22/05/2024;35;24;4126;LAJEDO;Rio de Janeiro (RJ)
23/05/2024;40329989000104;06/05/2024;39;10;1772;LAJEDO;Rio de Janeiro (RJ)
24/05/2024;49044701000111;29/04/2024;4;20;4744;EMPORIO CAPITAL QUEIJOS ARTESANAIS;Brasilia (DF)
24/05/2024;49044701000111;02/05/2024;9;8;5746;EMPORIO CAPITAL QUEIJOS ARTESANAIS;Brasilia (DF)
24/05/2024;49044701000111;20/04/2024;9;3;1914;EMPORIO CAPITAL QUEIJOS ARTESANAIS;Brasilia (DF)
24/05/2024;49044701000111;27/04/2024;9;2;1092;EMPORIO CAPITAL QUEIJOS ARTESANAIS;Brasilia (DF)
24/05/2024;49044701000111;26/04/2024;21;19;4280;EMPORIO CAPITAL QUEIJOS ARTESANAIS;Brasilia (DF)
24/05/2024;49044701000111;18/04/2024;21;1;192;EMPORIO CAPITAL QUEIJOS ARTESANAIS;Brasilia (DF)
31/05/2024;1;18/04/2024;21;2;500;VENDA LOJA;Barbacena (MG)
04/06/2024;104;19/04/2024;1;1;241;DEMONSTRACAO;Barbacena (MG)
04/06/2024;104;12/04/2024;4;1;299;DEMONSTRACAO;Barbacena (MG)
04/06/2024;104;14/12/2022;10;1;147;DEMONSTRACAO;Barbacena (MG)
04/06/2024;104;27/05/2024;12;1;400;DEMONSTRACAO;Barbacena (MG)
04/06/2024;104;03/06/2024;16;1;250;DEMONSTRACAO;Barbacena (MG)
04/06/2024;104;18/04/2022;18;1;235;DEMONSTRACAO;Barbacena (MG)
04/06/2024;104;07/05/2024;21;1;190;DEMONSTRACAO;Barbacena (MG)
04/06/2024;104;06/05/2024;22;1;112;DEMONSTRACAO;Barbacena (MG)
04/06/2024;26594832000177;27/05/2024;32;4;4000;PIETRA SANTA PANI E PASTA LTDA  EPP;Belo Horizonte (MG)
04/06/2024;43760381000110;27/05/2024;12;60;24000;COISA MINEIRA EMPORIO CAFETERIA;Sao Luis (MA)
04/06/2024;59350116000101;04/05/2024;9;4;2494;CASA SANTA LUZIA IMPORT LTDA;S?o Paulo (SP)
04/06/2024;59350116000101;11/05/2024;9;4;2362;CASA SANTA LUZIA IMPORT LTDA;S?o Paulo (SP)
04/06/2024;59350116000101;07/05/2024;21;16;3092;CASA SANTA LUZIA IMPORT LTDA;S?o Paulo (SP)
04/06/2024;59350116000101;06/05/2024;22;28;3344;CASA SANTA LUZIA IMPORT LTDA;S?o Paulo (SP)
06/06/2024;102;27/04/2024;9;1;632;RIO DE JANEIRO;Rio de Janeiro (RJ)
06/06/2024;102;18/05/2024;9;3;2082;RIO DE JANEIRO;Rio de Janeiro (RJ)
06/06/2024;102;03/12/2022;10;1;3600;RIO DE JANEIRO;Rio de Janeiro (RJ)
06/06/2024;102;05/06/2024;12;9;3600;RIO DE JANEIRO;Rio de Janeiro (RJ)
06/06/2024;102;03/06/2024;16;15;3750;RIO DE JANEIRO;Rio de Janeiro (RJ)
06/06/2024;102;04/06/2024;16;15;3750;RIO DE JANEIRO;Rio de Janeiro (RJ)
06/06/2024;102;20/08/2021;18;3;3110;RIO DE JANEIRO;Rio de Janeiro (RJ)
06/06/2024;102;26/04/2024;21;2;320;RIO DE JANEIRO;Rio de Janeiro (RJ)
06/06/2024;102;26/03/2024;21;5;1290;RIO DE JANEIRO;Rio de Janeiro (RJ)
06/06/2024;102;18/04/2024;21;1;300;RIO DE JANEIRO;Rio de Janeiro (RJ)
06/06/2024;102;13/05/2024;39;14;1630;RIO DE JANEIRO;Rio de Janeiro (RJ)
06/06/2024;102;24/05/2024;39;14;1934;RIO DE JANEIRO;Rio de Janeiro (RJ)
06/06/2024;104;04/05/2024;9;1;708;DEMONSTRACAO;Barbacena (MG)
06/06/2024;104;13/04/2024;9;1;362;DEMONSTRACAO;Barbacena (MG)
06/06/2024;104;18/04/2024;21;4;804;DEMONSTRACAO;Barbacena (MG)
06/06/2024;104;26/04/2024;21;1;200;DEMONSTRACAO;Barbacena (MG)
06/06/2024;104;23/04/2024;22;8;668;DEMONSTRACAO;Barbacena (MG)
